full_link,title,details,price,availability,size,landlord,online_status
https://www.wg-gesucht.de/en/wg-zimmer-in-Duesseldorf-Friedrichstadt.11082692.html,Schönes WG-Zimmer in der Mitte von Düsseldorf:),"3 person apartment share  
                         |

                                                                                    Düsseldorf
                            
                            Friedrichstadt |
                        
                        Friedrichstraße",545 €,15.07.2024,12 m²,Jonah,Online: 13 minutes
https://www.wg-gesucht.de/en/wg-zimmer-in-Duesseldorf-Friedrichstadt.9372536.html,Schönes Zimmer in 3er Wg,"3 person apartment share  
                         |

                                                                                    Düsseldorf
                            
                            Friedrichstadt |
                        
                        Luisenstraße 116",360 €,01.08.2024,17 m²,Antonia,Online: 38 minutes
https://www.wg-gesucht.de/en/wg-zimmer-in-Duesseldorf-Oberbilk.9248141.html,Moderne 2er WG für Young Professionals in Top Lage mindestmiete Februar 2025,"2 person apartment share  
                         |

                                                                                    Düsseldorf
                            
                            Oberbilk |
                        
                        Kölner Straße",636 €,01.08.2024,18 m²,Veronika,Online: 1 hour
https://www.wg-gesucht.de/en/wg-zimmer-in-Duesseldorf-Oberbilk.9528296.html,August- September Miete  in moderner 2er WG für Young Professionals,"2 person apartment share  
                         |

                                                                                    Düsseldorf
                            
                            Oberbilk |
                        
                        Kölner Straße",560 €,"01.08.2024
                    
                                            - 15.09.2024",12 m²,Veronika,Online: 1 hour
https://www.wg-gesucht.de/en/wg-zimmer-in-Duesseldorf-Stadtmitte.11108472.html,WG-Zimmer für Praktikanten,"2 person apartment share  
                         |

                                                                                    Düsseldorf
                            
                            Stadtmitte |
                        
                        Gerresheimerstr10",490 €,"11.07.2024
                    
                                            - 01.02.2025",13 m²,Violeta Schmitz,Online: 1 hour
https://www.wg-gesucht.de/en/wg-zimmer-in-Duesseldorf-Derendorf.5468471.html,"Ab 1.Oktober oder später  2er WG  Zimmer in Derendorf soeben renoviert und neu voll moebliert, für  MINIMUM 6 MONATE an Nichtraucher(in) zu vermieten","2 person apartment share  
                         |

                                                                                    Düsseldorf
                            
                            Derendorf |
                        
                        Bocholter Str.",750 €,01.10.2024,16 m²,Stefan,Online: 1 hour
https://www.wg-gesucht.de/en/wg-zimmer-in-Duesseldorf-Rath.11080122.html,Gemütliches Zimmer mit Balkon in 3er Mädel WG nahe der HSD/FOM/L'Oréal/Deloitte,"3 person apartment share  
                         |

                                                                                    Düsseldorf
                            
                            Rath |
                        
                        Westfalenstr. 2",540 €,01.08.2024,13 m²,Wannida S.,Online: 1 hour
https://www.wg-gesucht.de/en/wg-zimmer-in-Duesseldorf-Lierenfeld.9600928.html,Schönes Zimmer in Wg,"3 person apartment share  
                         |

                                                                                    Düsseldorf
                            
                            Lierenfeld |
                        
                        Posener Straße",419 €,01.08.2024,15 m²,G D,Online: 1 hour
https://www.wg-gesucht.de/en/wg-zimmer-in-Duesseldorf-Bilk.7660410.html,"16,qm Zimmer in Düsseldorf Bilk","2 person apartment share  
                         |

                                                                                    Düsseldorf
                            
                            Bilk |
                        
                        Heresbachstrasse",550 €,01.09.2024,16 m²,Rudolf S.,Online: 1 hour
https://www.wg-gesucht.de/en/wg-zimmer-in-Duesseldorf-Friedrichstadt.10207288.html,3er WG sucht Nummer 3 :),"3 person apartment share  
                         |

                                                                                    Düsseldorf
                            
                            Friedrichstadt |
                        
                        Oberbilker Allee 6",450 €,01.09.2024,17 m²,Theresa und Miriam,Online: 2 hours
https://www.wg-gesucht.de/en/wg-zimmer-in-Duesseldorf-bilk.9811745.html,Zimmer zur zwischenmiete Juli-August,"4 person apartment share  
                         |

                                                                                    Düsseldorf
                            
                            bilk |
                        
                        Elisabethstraße 47",500 €,"23.07.2024
                    
                                            - 31.08.2024",20 m²,Eva Lena S.,Online: 2 hours
https://www.wg-gesucht.de/en/wg-zimmer-in-Duesseldorf-Friedrichstadt.11050730.html,WG-Zimmer in sympathischer 3er WG - Top Lage - EINZUG FLEXIBEL,"3 person apartment share  
                         |

                                                                                    Düsseldorf
                            
                            Friedrichstadt |
                        
                        Fürstenwall 181",600 €,01.08.2024,18 m²,Jasmin,Online: 2 hours
https://www.wg-gesucht.de/en/wg-zimmer-in-Duesseldorf-Unterbilk.10460303.html,Unterbilk Altbau mit Möbeln. Miete oder intermediate rent,"5 person apartment share  
                         |

                                                                                    Düsseldorf
                            
                            Unterbilk |
                        
                        Bachstr. 149",500 €,11.07.2024,20 m²,Klaus,Online: 3 hours
https://www.wg-gesucht.de/en/wg-zimmer-in-Duesseldorf.10770433.html,Room available for rent in girls WG in Düsseldorf,"3 person apartment share  
                         |

                                                                                    Düsseldorf |
                                                    
                        Heinrich-Ehrhardt-Str 10",540 €,01.08.2024,17 m²,Bhavya Ahuja,Online: 3 hours
https://www.wg-gesucht.de/en/wg-zimmer-in-Duesseldorf-Oberbilk.11113928.html,Günstiges kleines Zimmer in 3er WG hinterm HBF - 385 EUR WARM - Ab 04.August,"3 person apartment share  
                         |

                                                                                    Düsseldorf
                            
                            Oberbilk |
                        
                        Ellerstr.",385 €,04.08.2024,12 m²,Vu Nguyen,Online: 3 hours
https://www.wg-gesucht.de/en/wg-zimmer-in-Duesseldorf-Pempelfort.7330452.html,Sonniges Zimmer im wunderschönen Pempelfort,"2 person apartment share  
                         |

                                                                                    Düsseldorf
                            
                            Pempelfort |
                        
                        Blücherstr.",610 €,11.07.2024,25 m²,Jule,Online: 3 hours
https://www.wg-gesucht.de/en/wg-zimmer-in-Duesseldorf-Friedrichstadt.11104362.html,Helles Großes Zimmer mitten in Friedrichstadt zur Zwischemiete,"2 person apartment share  
                         |

                                                                                    Düsseldorf
                            
                            Friedrichstadt |
                        
                        Gustav-Poensgen-Str. 83",700 €,"28.07.2024
                    
                                            - 31.08.2024",20 m²,Luisa R.,Online: 3 hours
https://www.wg-gesucht.de/en/wg-zimmer-in-Duesseldorf-Eller.10811066.html,WG-Zimmer in WG-Haus,"4 person apartment share  
                         |

                                                                                    Düsseldorf
                            
                            Eller |
                        
                        Dillenburger Weg 13",730 €,01.07.2024,20 m²,Simon,Online: 3 hours
https://www.wg-gesucht.de/en/wg-zimmer-in-Duesseldorf-Friedrichstadt.11092431.html,Schönes und helles Zimmer im besten Viertel Düsseldorfs,"4 person apartment share  
                         |

                                                                                    Düsseldorf
                            
                            Friedrichstadt |
                        
                        Bilker Allee 239",385 €,11.07.2024,13 m²,Wohngemeinschaft Bilker Allee,Online: 4 hours
https://www.wg-gesucht.de/en/wg-zimmer-in-Duesseldorf-Bilk.9055430.html,Altbau im Ursprung. Zwischenmiete oder für lange. rent in time or long term,"14 person apartment share  
                         |

                                                                                    Düsseldorf
                            
                            Bilk |
                        
                        Witzelstr. 15",555 €,01.08.2024,18 m²,Werner,Online: 4 hours
https://www.wg-gesucht.de/en/wg-zimmer-in-Duesseldorf-Friedrichstadt.11108986.html,"(Verfügbar 1-24 Monate) - Private Room in Stadtmitte, Dusseldorf","2 person apartment share  
                         |

                                                                                    Düsseldorf
                            
                            Friedrichstadt |
                        
                        Karlstraße 14",720 €,"19.08.2024
                    
                                            - 31.05.2025",19 m²,Homelike Internet GmbH,Online: 2 hours
https://www.wg-gesucht.de/en/wg-zimmer-in-Duesseldorf-Friedrichstadt.11108985.html,"(Verfügbar 1-24 Monate) - Private Room in Stadtmitte, Dusseldorf","2 person apartment share  
                         |

                                                                                    Düsseldorf
                            
                            Friedrichstadt |
                        
                        Karlstraße 14",720 €,"05.08.2024
                    
                                            - 31.05.2025",18 m²,Homelike Internet GmbH,Online: 2 hours
https://www.wg-gesucht.de/en/wg-zimmer-in-Duesseldorf-Benrath.11010947.html,Zimmer in einer 3-Zimmer-Wohnung in Düsseldorf,"2 person apartment share  
                         |

                                                                                    Düsseldorf
                            
                            Benrath |
                        
                        Kölner Landstraße 336",589 €,03.07.2024,61 m²,Spotahome,Online: 17.05.2024
https://www.wg-gesucht.de/en/wg-zimmer-in-Duesseldorf-Altstadt.11095656.html,WG-Zimmer in Zweier-WG im Herzen der Altstadt,"2 person apartment share  
                         |

                                                                                    Düsseldorf
                            
                            Altstadt |
                        
                        Hunsrückenstraße 42",644 €,10.09.2024,16 m²,Isabella G.,Online: 4 hours
https://www.wg-gesucht.de/en/wg-zimmer-in-Duesseldorf-Derendorf.9647600.html,"MitbewohnerIn für Altbauwohnung in ruhiger, verkehrsgünstiger Lage in Derendorf gesucht","2 person apartment share  
                         |

                                                                                    Düsseldorf
                            
                            Derendorf |
                        
                        Bülowstr.",510 €,01.09.2024,21 m²,Lothar,Online: 4 hours
https://www.wg-gesucht.de/en/wg-zimmer-in-Duesseldorf-Unterrath.10860318.html,Helles WG Zimmer in Düsseldorf,"4 person apartment share  
                         |

                                                                                    Düsseldorf
                            
                            Unterrath |
                        
                        Kalkumer Straße",686 €,01.09.2024,33 m²,Maria,Online: 4 hours
https://www.wg-gesucht.de/en/wg-zimmer-in-Duesseldorf-Oberbilk.10598062.html,"Super zentrales, schickes WG Zimmer","2 person apartment share  
                         |

                                                                                    Düsseldorf
                            
                            Oberbilk |
                        
                        Linienstrasse 21",785 €,"01.08.2024
                    
                                            - 01.01.2025",16 m²,Maria,Online: 5 hours
https://www.wg-gesucht.de/en/wg-zimmer-in-Duesseldorf-Flingern-Nord.11073294.html,Zimmer in frisch sanierter 3er WG,"3 person apartment share  
                         |

                                                                                    Düsseldorf
                            
                            Flingern Nord |
                        
                        Gerresheimerstr. 146",635 €,01.08.2024,13 m²,Colin K.,Online: 5 hours
https://www.wg-gesucht.de/en/wg-zimmer-in-Duesseldorf.10992922.html,Untermiete - schönes WG-Zimmer in Düsseldorf Bilk für 2 Monate,"3 person apartment share  
                         |

                                                                                    Düsseldorf |
                                                    
                        Merowingerstraße 55",700 €,"01.01.2025
                    
                                            - 28.02.2025",20 m²,Lara,Online: 5 hours
https://www.wg-gesucht.de/en/wg-zimmer-in-Duesseldorf-Gerresheim.10923554.html,Luxus WG Zimmer in kernsanierter WG in Bestlage am Waldrand,"7 person apartment share  
                         |

                                                                                    Düsseldorf
                            
                            Gerresheim |
                        
                        Dernbuschweg",690 €,01.08.2024,23 m²,Heribert Fobbe,Online: 5 hours
https://www.wg-gesucht.de/en/wg-zimmer-in-Duesseldorf.11091758.html,schönes groẞes Zimmer in 3er WG am Graf-Adolf-Platz,"3 person apartment share  
                         |

                                                                                    Düsseldorf |
                                                    
                        Friedrichstraße 27",450 €,10.08.2024,30 m²,Carolin Schindler,Online: 5 hours
https://www.wg-gesucht.de/en/wg-zimmer-in-Duesseldorf.11113205.html,19qm Zimmer in großer 4er WG,"4 person apartment share  
                         |

                                                                                    Düsseldorf |
                                                    
                        Kronprinzenstr 20",540 €,01.09.2024,19 m²,Daniel,Online: 6 hours
https://www.wg-gesucht.de/en/wg-zimmer-in-Duesseldorf-Flingern-Sued.11113575.html,Suche Mitbewohner/in für Oktober,"2 person apartment share  
                         |

                                                                                    Düsseldorf
                            
                            Flingern Süd |
                        
                        Ronsdorfer Straße",600 €,"01.10.2024
                    
                                            - 01.11.2024",25 m²,Anna,Online: 7 hours
https://www.wg-gesucht.de/en/wg-zimmer-in-Duesseldorf-Oberbilk.11112013.html,Großes WG-Zimmer in Oberbilk,"2 person apartment share  
                         |

                                                                                    Düsseldorf
                            
                            Oberbilk |
                        
                        Kruppstraße 94",640 €,15.07.2024,23 m²,Franka Hennes,Online: 7 hours
https://www.wg-gesucht.de/en/wg-zimmer-in-Duesseldorf-Flingern-Nord.10685238.html,Modernes Neubau-WG-Zimmer in 122qm Berufstätigen-WG (auch befristete Miete möglich),"2 person apartment share  
                         |

                                                                                    Düsseldorf
                            
                            Flingern Nord |
                        
                        Hohenzollernallee",790 €,01.08.2024,17 m²,Felix K.,Online: 7 hours
https://www.wg-gesucht.de/en/wg-zimmer-in-Duesseldorf.9080706.html,Zwischenmitte großes möbliertes WG Zimmer in Altstadt,"4 person apartment share  
                         |

                                                                                    Düsseldorf |
                                                    
                        Heinrich-Heine-Allee, 23",510 €,"11.09.2024
                    
                                            - 11.03.2025",20 m²,Mila T.,Online: 7 hours
https://www.wg-gesucht.de/en/wg-zimmer-in-Duesseldorf-Friedrichstadt.11107538.html,Untermiete Altbau-WG,"4 person apartment share  
                         |

                                                                                    Düsseldorf
                            
                            Friedrichstadt |
                        
                        Oberbilker Allee 23",600 €,"01.09.2024
                    
                                            - 31.01.2025",23 m²,Bastian Dohrmann,Online: 9 hours
https://www.wg-gesucht.de/en/wg-zimmer-in-Duesseldorf-Flingern-Nord.10721510.html,Zimmer in Flingern zur Untermiete -  unbefristet,"3 person apartment share  
                         |

                                                                                    Düsseldorf
                            
                            Flingern Nord |
                        
                        Wülfrather Straße 10",470 €,15.08.2024,15 m²,Iezees,Online: 9 hours
https://www.wg-gesucht.de/en/wg-zimmer-in-Duesseldorf-Oberbilk.11079665.html,Schönes WG Zimmer 13qm mit Balkon ab 1. August frei,"3 person apartment share  
                         |

                                                                                    Düsseldorf
                            
                            Oberbilk |
                        
                        Oberbilker Allee",470 €,01.08.2024,13 m²,Jonas W.,Online: 9 hours
https://www.wg-gesucht.de/en/wg-zimmer-in-Duesseldorf-Benrath.6859567.html,5er wg über 2 etagen. sehr ruhige sackgasse.,"5 person apartment share  
                         |

                                                                                    Düsseldorf
                            
                            Benrath |
                        
                        calvinstr. 15",450 €,12.07.2024,17 m²,Bernd,Online: 9 hours
https://www.wg-gesucht.de/en/wg-zimmer-in-Duesseldorf-Derendorf.7911777.html,APPARTMENT IN DER WG. APPARTMENT WITHIN FLAT SHARE.,"5 person apartment share  
                         |

                                                                                    Düsseldorf
                            
                            Derendorf |
                        
                        Blumenthalstr. 13",510 €,11.07.2024,22 m²,Andreas Müller,Online: 9 hours
https://www.wg-gesucht.de/en/wg-zimmer-in-Duesseldorf-Stadtmitte.8881046.html,Vollständig ausgestattetes Zimmer,"4 person apartment share  
                         |

                                                                                    Düsseldorf
                            
                            Stadtmitte |
                        
                        Immermannstraße 46",590 €,"01.08.2024
                    
                                            - 01.02.2025",20 m²,Clifford Clemens,Online: 10 hours
https://www.wg-gesucht.de/en/wg-zimmer-in-Duesseldorf-Friedrichstadt.6158446.html,Mitbewohner*in für Düsseldorfs beste 5er WG gesucht!,"5 person apartment share  
                         |

                                                                                    Düsseldorf
                            
                            Friedrichstadt |
                        
                        Hüttenstrasse 27",535 €,01.08.2024,15 m²,Gilian Miro Schöneich,Online: 10 hours
https://www.wg-gesucht.de/en/wg-zimmer-in-Duesseldorf-Friedrichstadt.11108985.html,"(Verfügbar 1-24 Monate) - Private Room in Stadtmitte, Dusseldorf","2 person apartment share  
                         |

                                                                                    Düsseldorf
                            
                            Friedrichstadt |
                        
                        Karlstraße 14",720 €,"05.08.2024
                    
                                            - 31.05.2025",18 m²,Homelike Internet GmbH,Online: 2 hours
https://www.wg-gesucht.de/en/wg-zimmer-in-Duesseldorf-Friedrichstadt.11108986.html,"(Verfügbar 1-24 Monate) - Private Room in Stadtmitte, Dusseldorf","2 person apartment share  
                         |

                                                                                    Düsseldorf
                            
                            Friedrichstadt |
                        
                        Karlstraße 14",720 €,"19.08.2024
                    
                                            - 31.05.2025",19 m²,Homelike Internet GmbH,Online: 2 hours
https://www.wg-gesucht.de/en/wg-zimmer-in-Duesseldorf-Benrath.11010947.html,Zimmer in einer 3-Zimmer-Wohnung in Düsseldorf,"2 person apartment share  
                         |

                                                                                    Düsseldorf
                            
                            Benrath |
                        
                        Kölner Landstraße 336",589 €,03.07.2024,61 m²,Spotahome,Online: 17.05.2024
https://www.wg-gesucht.de/en/wg-zimmer-in-Duesseldorf-Duesseldorf.10910364.html,Möbliertes Wg zimmer in bilk 5 min von der uni!,"2 person apartment share  
                         |

                                                                                    Düsseldorf
                            
                            Düsseldorf |
                        
                        Kopernikusstraße 82",620 €,25.07.2024,22 m²,Paulo Da Silva,Online: 11 hours
https://www.wg-gesucht.de/en/wg-zimmer-in-Duesseldorf.11113096.html,zimmer frei in 4er wg in bilk,"4 person apartment share  
                         |

                                                                                    Düsseldorf |
                                                    
                        karolingerstraße",430 €,01.11.2024,18 m²,Jule L.,Online: 11 hours
https://www.wg-gesucht.de/en/wg-zimmer-in-Duesseldorf-Pempelfort.11108360.html,Zimmer in 4er WG in Pempelfort,"4 person apartment share  
                         |

                                                                                    Düsseldorf
                            
                            Pempelfort |
                        
                        Nordstr.",455 €,01.08.2024,12 m²,Liam,Online: 11 hours
https://www.wg-gesucht.de/en/wg-zimmer-in-Duesseldorf.11012356.html,Zwischenmiete! 01.08-01.10: Kuscheliges Zimmer in sweeter 3er WG,"3 person apartment share  
                         |

                                                                                    Düsseldorf |
                                                    
                        Erasmusstraße 6",450 €,01.08.2024,15 m²,Lür Lappan,Online: 11 hours
https://www.wg-gesucht.de/en/wg-zimmer-in-Duesseldorf-Oberbilk.7994500.html,Möbliertes und frisch renoviertes WG Zimmer zu vermieten,"2 person apartment share  
                         |

                                                                                    Düsseldorf
                            
                            Oberbilk |
                        
                        Ellerstraße 109",525 €,15.08.2024,10 m²,Florian K.,Online: 11 hours
https://www.wg-gesucht.de/en/wg-zimmer-in-Duesseldorf-Heerdt.10381003.html,"Schönes, helles WG-Zimmer im sanierten Altbau","2 person apartment share  
                         |

                                                                                    Düsseldorf
                            
                            Heerdt |
                        
                        Krefelder Straße 75",520 €,"01.07.2024
                    
                                            - 30.06.2025",12 m²,Christine,Online: 11 hours
https://www.wg-gesucht.de/en/wg-zimmer-in-Duesseldorf-Friedrichstadt.4710734.html,"Möbliertes 15 m2 Zimmer in  netter 5 er WG, zentral","5 person apartment share  
                         |

                                                                                    Düsseldorf
                            
                            Friedrichstadt |
                        
                        Gustav Poensgen str.5",620 €,11.07.2024,15 m²,Phian Phetchairat,Online: 11 hours
https://www.wg-gesucht.de/en/wg-zimmer-in-Duesseldorf-Eller.11094613.html,Geräumiges Zimmer in gemütlicher 5er WG zu vermieten!,"5 person apartment share  
                         |

                                                                                    Düsseldorf
                            
                            Eller |
                        
                        Ludwigshafener Straße 33",530 €,01.08.2024,22 m²,Herr NAIR,Online: 11 hours
https://www.wg-gesucht.de/en/wg-zimmer-in-Duesseldorf-Oberbilk.11107049.html,Helles Zimmer in zentraler 3er Mädels-WG,"3 person apartment share  
                         |

                                                                                    Düsseldorf
                            
                            Oberbilk |
                        
                        Höhenstraße 12",500 €,01.09.2024,15 m²,Gesa,Online: 12 hours
https://www.wg-gesucht.de/en/wg-zimmer-in-Duesseldorf-ZOOviertel.11051829.html,Gemütliche und freundliche 4er WG im Zooviertel! Zentral + renoviert + Luxus-Bad! :),"4 person apartment share  
                         |

                                                                                    Düsseldorf
                            
                            ZOOviertel |
                        
                        Rethelstraße",468 €,01.08.2024,21 m²,Aua Aua,Online: 12 hours
https://www.wg-gesucht.de/en/wg-zimmer-in-Duesseldorf-Duesseldorf.11108681.html,A Comfortable Room in Newly Renovated 3-Room Apartment for Female Students/Interns in Düsseldorf,"3 person apartment share  
                         |

                                                                                    Düsseldorf
                            
                            Düsseldorf |
                        
                        Industriestrasse 44",550 €,01.08.2024,15 m²,Maria Kohl,Online: 13 hours
https://www.wg-gesucht.de/en/wg-zimmer-in-Duesseldorf-Friedrichstadt.7359426.html,"Altbau-WG-Zimmer - mit netten Mitbewohnern, hohe Decken, großen Fenster - Nahe Königsallee, freundlich & zentral","5 person apartment share  
                         |

                                                                                    Düsseldorf
                            
                            Friedrichstadt |
                        
                        Luisenstrasse",568 €,"01.07.2025
                    
                                            - 30.12.2025",22 m²,WG-Zimmer Friedrichstadt,Online: 13 hours
https://www.wg-gesucht.de/en/wg-zimmer-in-Duesseldorf-Wersten.11084222.html,3 WG-Zimmer in frisch sanierter 3er-WG in Wersten,"3 person apartment share  
                         |

                                                                                    Düsseldorf
                            
                            Wersten |
                        
                        Kölner Landstraße 221",550 €,11.07.2024,15 m²,Alex S.,Online: 13 hours
https://www.wg-gesucht.de/en/wg-zimmer-in-Duesseldorf-Eller.11110812.html,WG-Zimmer in Düsseldorf ab 01.10.2024,"3 person apartment share  
                         |

                                                                                    Düsseldorf
                            
                            Eller |
                        
                        Gertrudisplatz 22",387 €,01.10.2024,16 m²,Hannah S.,Online: 13 hours
https://www.wg-gesucht.de/en/wg-zimmer-in-Duesseldorf-Eller.10598538.html,6er WG im möblierten Einfamilienhaus mit Garten - Warmmiete! Nur noch 2 Zimmer frei - Düsseldorf Eller - ruhige Lage - gute Anbindung,"6 person apartment share  
                         |

                                                                                    Düsseldorf
                            
                            Eller |
                        
                        Grüner Weg 36a",646 €,11.07.2024,16 m²,Peter Wiza,Online: 13 hours
https://www.wg-gesucht.de/en/wg-zimmer-in-Duesseldorf-Oberbilk.10179142.html,Schönes WG Zimmer nähe Volksgarten :) Untermiete!,"2 person apartment share  
                         |

                                                                                    Düsseldorf
                            
                            Oberbilk |
                        
                        Oberbilker Allee",390 €,"20.08.2024
                    
                                            - 01.01.2025",16 m²,Themri,Online: 13 hours
https://www.wg-gesucht.de/en/wg-zimmer-in-Duesseldorf-Friedrichstadt.10003839.html,"Großes, helles Zimmer in 2er-WG mit zentraler Lage","2 person apartment share  
                         |

                                                                                    Düsseldorf
                            
                            Friedrichstadt |
                        
                        Fürstenwall",460 €,01.08.2024,20 m²,Duong,Online: 13 hours
https://www.wg-gesucht.de/en/wg-zimmer-in-Duesseldorf-Innenstrae.10468197.html,3er WG sucht nette Nachmieterin AM HAUPTBAHNHOF DÜSSELDORF,"3 person apartment share  
                         |

                                                                                    Düsseldorf
                            
                            Innenstrae |
                        
                        Karlstraße 22",660 €,01.08.2024,20 m²,Beate,Online: 13 hours
https://www.wg-gesucht.de/en/wg-zimmer-in-Duesseldorf-Bilk.11039489.html,3er WG Neugründung DIREKT an der UNI,"3 person apartment share  
                         |

                                                                                    Düsseldorf
                            
                            Bilk |
                        
                        Christophstraße",670 €,01.08.2024,12 m²,Beate,Online: 13 hours
https://www.wg-gesucht.de/en/wg-zimmer-in-Duesseldorf-Rath.8295479.html,3er und 7er wg. miete oder zwischenmiete. permanent rent or rent in time,"3 person apartment share  
                         |

                                                                                    Düsseldorf
                            
                            Rath |
                        
                        eckampstr. 7",520 €,11.07.2024,16 m²,Sebastian,Online: 14 hours
https://www.wg-gesucht.de/en/wg-zimmer-in-Duesseldorf-Benrath.11010947.html,Zimmer in einer 3-Zimmer-Wohnung in Düsseldorf,"2 person apartment share  
                         |

                                                                                    Düsseldorf
                            
                            Benrath |
                        
                        Kölner Landstraße 336",589 €,03.07.2024,61 m²,Spotahome,Online: 17.05.2024
https://www.wg-gesucht.de/en/wg-zimmer-in-Duesseldorf-Friedrichstadt.11108985.html,"(Verfügbar 1-24 Monate) - Private Room in Stadtmitte, Dusseldorf","2 person apartment share  
                         |

                                                                                    Düsseldorf
                            
                            Friedrichstadt |
                        
                        Karlstraße 14",720 €,"05.08.2024
                    
                                            - 31.05.2025",18 m²,Homelike Internet GmbH,Online: 2 hours
https://www.wg-gesucht.de/en/wg-zimmer-in-Duesseldorf-Friedrichstadt.11108986.html,"(Verfügbar 1-24 Monate) - Private Room in Stadtmitte, Dusseldorf","2 person apartment share  
                         |

                                                                                    Düsseldorf
                            
                            Friedrichstadt |
                        
                        Karlstraße 14",720 €,"19.08.2024
                    
                                            - 31.05.2025",19 m²,Homelike Internet GmbH,Online: 2 hours
https://www.wg-gesucht.de/en/wg-zimmer-in-Duesseldorf-Derendorf.9165195.html,Schönes WG Zimmer in idealer Lage in Derendorf / Cozy Room in an Ideal Location near HS:D,"2 person apartment share  
                         |

                                                                                    Düsseldorf
                            
                            Derendorf |
                        
                        Münsterstraße",700 €,"01.08.2024
                    
                                            - 31.08.2025",13 m²,Ulrike,Online: 14 hours
https://www.wg-gesucht.de/en/wg-zimmer-in-Duesseldorf.11108127.html,WG Zimmer in Flingern; Ackerstrasse,"2 person apartment share  
                         |

                                                                                    Düsseldorf |
                                                    
                        Mettmannerstrasse 7",560 €,15.07.2024,20 m²,Felix H,Online: 14 hours
https://www.wg-gesucht.de/en/wg-zimmer-in-Duesseldorf-Friedrichstadt.7830776.html,ZENTRAL NÄHE HBF. CENTRAL NEAR MAIN STATION. FURNISHED. MÖBLIERT. ZWISCHENMIETE ODER LÄNGER. INTERIM RENT OR LONGER.,"8 person apartment share  
                         |

                                                                                    Düsseldorf
                            
                            Friedrichstadt |
                        
                        Herzogstr. 102",515 €,11.07.2024,18 m²,Ronald,Online: 14 hours
https://www.wg-gesucht.de/en/wg-zimmer-in-Duesseldorf.8825677.html,"2 Zimmer, Carlstadt, Balkon (Ankleidezimmer/Büro zusätzlich)","2 person apartment share  
                         |

                                                                                    Düsseldorf |
                                                    
                        Benrather Straẞe 12",760 €,"01.08.2024
                    
                                            - 01.08.2025",30 m²,Amelie Uer,Online: 14 hours
https://www.wg-gesucht.de/en/wg-zimmer-in-Duesseldorf-Friedrichstadt.4458022.html,"Möbliertes Frauen-Wg.-Zimmer Nr.2, zentral und ruhig!","3 person apartment share  
                         |

                                                                                    Düsseldorf
                            
                            Friedrichstadt |
                        
                        Kirchfeldstraße 128",580 €,01.08.2024,11 m²,Nils,Online: 15 hours
https://www.wg-gesucht.de/en/wg-zimmer-in-Duesseldorf-Bilk.3396269.html,W33 Möbliertes Zimmer nähe Hauptbahnhof und Uni,"3 person apartment share  
                         |

                                                                                    Düsseldorf
                            
                            Bilk |
                        
                        Gurlittstr.69",530 €,01.08.2024,12 m²,Liu Liu,Online: 15 hours
https://www.wg-gesucht.de/en/wg-zimmer-in-Duesseldorf-Unterbilk.10990348.html,Zimmer in 2er-WG in Düsseldorf Unterbilk,"2 person apartment share  
                         |

                                                                                    Düsseldorf
                            
                            Unterbilk |
                        
                        Volmerswertherstr 53",620 €,"01.08.2024
                    
                                            - 01.02.2025",12 m²,Mike Tabel,Online: 16 hours
https://www.wg-gesucht.de/en/wg-zimmer-in-Duesseldorf-Bilk.11055396.html,Komplett möbliertes Zimmer gegenüber Uniklinik,"2 person apartment share  
                         |

                                                                                    Düsseldorf
                            
                            Bilk |
                        
                        Himmelgeister Str. 110",550 €,15.07.2024,25 m²,Marcel Werner,Online: 16 hours
https://www.wg-gesucht.de/en/wg-zimmer-in-Duesseldorf-Duesseldorf.4427707.html,Helles möbliertes Zimmer!,"2 person apartment share  
                         |

                                                                                    Düsseldorf
                            
                            Düsseldorf |
                        
                        Flingern Nord 1",485 €,"11.07.2024
                    
                                            - 30.09.2024",18 m²,Agi,Online: 16 hours
https://www.wg-gesucht.de/en/wg-zimmer-in-Duesseldorf-Stadtmitte.10709139.html,Möblierte und neu renovierte Komfort-WG Zimmer mit ensuite Bad und großer Wohnküche über dem Worringer Platz,"4 person apartment share  
                         |

                                                                                    Düsseldorf
                            
                            Stadtmitte |
                        
                        Worringer Str. 95",880 €,11.07.2024,25 m²,Johnny,Online: 17 hours
https://www.wg-gesucht.de/en/wg-zimmer-in-Duesseldorf-Vennhausen.11112540.html,Zimmer in Haus WG für ein Jahr zur Untermiete,"3 person apartment share  
                         |

                                                                                    Düsseldorf
                            
                            Vennhausen |
                        
                        Kamper Weg 100",650 €,"15.09.2024
                    
                                            - 01.09.2025",14 m²,Manuel Welsch,Online: 18 hours
https://www.wg-gesucht.de/en/wg-zimmer-in-Duesseldorf-Pempelfort.11089984.html,"15 qm großes, helles Zimmer in einer gemütlichen 3er-WG","3 person apartment share  
                         |

                                                                                    Düsseldorf
                            
                            Pempelfort |
                        
                        Parkstraße 68",429 €,01.08.2024,15 m²,Laura,Online: 19 hours
https://www.wg-gesucht.de/en/wg-zimmer-in-Duesseldorf-Oberbilk.11104455.html,"Mitbewohner (m/d), 4er WG, Altbau in Oberbilk ab dem 3.8.","4 person apartment share  
                         |

                                                                                    Düsseldorf
                            
                            Oberbilk |
                        
                        Oberbilker Allee 300",410 €,03.08.2024,16 m²,Oberbilker,Online: 21 hours
https://www.wg-gesucht.de/en/wg-zimmer-in-Duesseldorf-Flingern-Sued.11111750.html,Helles WG Zimmer in ruhiger 5er WG frei ab 01.08.,"5 person apartment share  
                         |

                                                                                    Düsseldorf
                            
                            Flingern Süd |
                        
                        Wetterstraße",542 €,01.08.2024,17 m²,Hanna,Online: 23 hours
https://www.wg-gesucht.de/en/wg-zimmer-in-Duesseldorf-Duesseltal.6147087.html,"16m²-Zimmer: Helle und schöne 105 m²-WG mit großem Wohnzimmer, Balkon und mit Tierschutz-Hund sucht neue/n Mitbewohner/in","3 person apartment share  
                         |

                                                                                    Düsseldorf
                            
                            Düsseltal |
                        
                        Graf-Recke-Str. 160",545 €,01.10.2024,16 m²,Lisa S.,Online: 23 hours
https://www.wg-gesucht.de/en/wg-zimmer-in-Duesseldorf-Wersten.10015943.html,Wir suchen eine neue Mitbewohnerin in WG in Uni-Nähe!,"6 person apartment share  
                         |

                                                                                    Düsseldorf
                            
                            Wersten |
                        
                        Ickerswarder Straße",530 €,01.09.2024,20 m²,H. Marcial,Online: 1 day
https://www.wg-gesucht.de/en/wg-zimmer-in-Duesseldorf-Wersten.11102928.html,Großes WG Zimmer zur Zwischenmiete in gemütlicher 3er WG,"3 person apartment share  
                         |

                                                                                    Düsseldorf
                            
                            Wersten |
                        
                        Opladener Straße",500 €,"15.09.2024
                    
                                            - 23.12.2024",22 m²,Jana,Online: 1 day
https://www.wg-gesucht.de/en/wg-zimmer-in-Duesseldorf-Friedrichstadt.11112217.html,"Stadtmitte-WG bietet 2 Zimmer: Großzügige 20,5 qm oder kompakte 7 qm""","2 person apartment share  
                         |

                                                                                    Düsseldorf
                            
                            Friedrichstadt |
                        
                        Pionierstraße 32",597 €,10.07.2024,28 m²,Mark,Online: 1 day
https://www.wg-gesucht.de/en/wg-zimmer-in-Duesseldorf-Bilk.3181143.html,"Freies WG-Zimmer in Uninähe an Studenten zu vermieten, Einzugsdatum flexibel","5 person apartment share  
                         |

                                                                                    Düsseldorf
                            
                            Bilk |
                        
                        Chlodwigstraße 88",220 €,01.09.2024,14 m²,WG Chlodwigstraße,Online: 1 day
https://www.wg-gesucht.de/en/wg-zimmer-in-Duesseldorf-Friedrichstadt.11112174.html,"Helles Stadtmitte-Zimmer (20,5 qm) in zentraler Lage zu vermieten","2 person apartment share  
                         |

                                                                                    Düsseldorf
                            
                            Friedrichstadt |
                        
                        Pionierstrasse 32",551 €,10.07.2024,21 m²,Mark,Online: 1 day
https://www.wg-gesucht.de/en/wg-zimmer-in-Duesseldorf-Benrath.11010947.html,Zimmer in einer 3-Zimmer-Wohnung in Düsseldorf,"2 person apartment share  
                         |

                                                                                    Düsseldorf
                            
                            Benrath |
                        
                        Kölner Landstraße 336",589 €,03.07.2024,61 m²,Spotahome,Online: 17.05.2024
https://www.wg-gesucht.de/en/wg-zimmer-in-Duesseldorf-Friedrichstadt.11108986.html,"(Verfügbar 1-24 Monate) - Private Room in Stadtmitte, Dusseldorf","2 person apartment share  
                         |

                                                                                    Düsseldorf
                            
                            Friedrichstadt |
                        
                        Karlstraße 14",720 €,"19.08.2024
                    
                                            - 31.05.2025",19 m²,Homelike Internet GmbH,Online: 2 hours
https://www.wg-gesucht.de/en/wg-zimmer-in-Duesseldorf-Friedrichstadt.11108985.html,"(Verfügbar 1-24 Monate) - Private Room in Stadtmitte, Dusseldorf","2 person apartment share  
                         |

                                                                                    Düsseldorf
                            
                            Friedrichstadt |
                        
                        Karlstraße 14",720 €,"05.08.2024
                    
                                            - 31.05.2025",18 m²,Homelike Internet GmbH,Online: 2 hours
https://www.wg-gesucht.de/en/wg-zimmer-in-Duesseldorf-Duesseldorf-Rath.11112110.html,schön WG in Düsseldorf Rath,"2 person apartment share  
                         |

                                                                                    Düsseldorf
                            
                            Düsseldorf Rath |
                        
                        Oberrather Straße 26",465 €,01.08.2024,15 m²,Frau Hu,Online: 1 day
https://www.wg-gesucht.de/en/wg-zimmer-in-Duesseldorf-Wersten.8967087.html,Schönes Zimmer in 3er WG in Wersten,"3 person apartment share  
                         |

                                                                                    Düsseldorf
                            
                            Wersten |
                        
                        Kampstr. 35",300 €,01.09.2024,12 m²,Moritz Müller,Online: 1 day
https://www.wg-gesucht.de/en/wg-zimmer-in-Duesseldorf-Pempelfort.11095559.html,Schönes WG-Zimmer zur Zwischenmiete,"5 person apartment share  
                         |

                                                                                    Düsseldorf
                            
                            Pempelfort |
                        
                        Mozartstraße 20",432 €,"05.09.2024
                    
                                            - 05.02.2025",14 m²,Theresa Laame,Online: 1 day
https://www.wg-gesucht.de/en/wg-zimmer-in-Duesseldorf-Altstadt.11111670.html,Сдается 1 комната WG для девушки с 1 августа,"2 person apartment share  
                         |

                                                                                    Düsseldorf
                            
                            Altstadt |
                        
                        Düsselthaler str",360 €,"01.08.2024
                    
                                            - 01.08.2026",19 m²,Asya,Online: 1 day
https://www.wg-gesucht.de/en/wg-zimmer-in-Duesseldorf-Flingern-Nord.11108101.html,"3er-WG in Flingern sucht neue/n Mitbewohner*in, Wohnung kürzlich renoviert , top Lage, perfekt für Studierende oder Young Professionals.","3 person apartment share  
                         |

                                                                                    Düsseldorf
                            
                            Flingern Nord |
                        
                        Degerstr. 22",685 €,01.08.2024,15 m²,Marvin Schnippering,Online: 1 day
https://www.wg-gesucht.de/en/wg-zimmer-in-Duesseldorf-Unterbilk.9113645.html,Studenten-WG - Zimmer frei,"6 person apartment share  
                         |

                                                                                    Düsseldorf
                            
                            Unterbilk |
                        
                        Reichsstraße 21",300 €,01.08.2024,20 m²,Thomas,Online: 1 day
https://www.wg-gesucht.de/en/wg-zimmer-in-Duesseldorf-Kaiserswerth.10381864.html,"Helles, gemütliches Zimmer mit Balkon, 2er Wg, 68m2 Wohnung","2 person apartment share  
                         |

                                                                                    Düsseldorf
                            
                            Kaiserswerth |
                        
                        Alte Kalkumer straße",800 €,01.08.2024,12 m²,Herr Cekmeceli,Online: 1 day
https://www.wg-gesucht.de/en/wg-zimmer-in-Duesseldorf-Rath.11111637.html,"NEUE WG - Zimmer in Düsseldorf, mit super Anbindung an die Innenstadt - weitere Bilder auf Anfrage","4 person apartment share  
                         |

                                                                                    Düsseldorf
                            
                            Rath |
                        
                        Frobenstraße",451 €,31.07.2024,18 m²,Laura I.,Online: 1 day
https://www.wg-gesucht.de/en/wg-zimmer-in-Duesseldorf-Golzheim.8669579.html,Fetzige WG sucht fetzigen Mitbewohner,"7 person apartment share  
                         |

                                                                                    Düsseldorf
                            
                            Golzheim |
                        
                        Kaiserswerther Straße",275 €,01.08.2024,13 m²,Nediem Arem,Online: 1 day
https://www.wg-gesucht.de/en/wg-zimmer-in-Duesseldorf-Friedrichstadt.11104003.html,"Top WG-Zimmer in Dd Friedrichstadt, Nähe Volksgarten","3 person apartment share  
                         |

                                                                                    Düsseldorf
                            
                            Friedrichstadt |
                        
                        Philipp Reis Straße",475 €,01.09.2024,18 m²,Noah Dahm,Online: 1 day
https://www.wg-gesucht.de/en/wg-zimmer-in-Duesseldorf-Friedrichstadt.11109300.html,Renoviertes und teilmöbliertes 21 qm WG-Zimmer in Top-Lage in Düsseldorf Friedrichsstadt,"3 person apartment share  
                         |

                                                                                    Düsseldorf
                            
                            Friedrichstadt |
                        
                        Fürstenwall",950 €,"15.07.2024
                    
                                            - 01.08.2025",21 m²,Yuan,Online: 1 day
https://www.wg-gesucht.de/en/wg-zimmer-in-Duesseldorf-Oberbilk.8505589.html,Schönes 15qm großes Zimmer in zentraler Lage (Oberbilk),"3 person apartment share  
                         |

                                                                                    Düsseldorf
                            
                            Oberbilk |
                        
                        Linienstraße 8",375 €,01.08.2024,15 m²,Zoe,Online: 1 day
https://www.wg-gesucht.de/en/wg-zimmer-in-Duesseldorf-Bilk.11111208.html,"Zimmer zu vermieten, nur für Universitätsstudenten.","3 person apartment share  
                         |

                                                                                    Düsseldorf
                            
                            Bilk |
                        
                        Universitätsstraße 1",330 €,20.07.2024,16 m²,Nancy Abdallah,Online: 1 day
https://www.wg-gesucht.de/en/wg-zimmer-in-Duesseldorf-garath.8714545.html,WG-Raum in 3er WG /Inklusive( Internet-Strom-Heizkosten),"3 person apartment share  
                         |

                                                                                    Düsseldorf
                            
                            garath |
                        
                        Stettinerstrasse",450 €,"31.07.2024
                    
                                            - 15.09.2024",18 m²,Herr Ahmadi,Online: 1 day
https://www.wg-gesucht.de/en/wg-zimmer-in-Duesseldorf-Friedrichstadt.9760471.html,WG Zimmer in 2er-WG (Untermiete möglich),"2 person apartment share  
                         |

                                                                                    Düsseldorf
                            
                            Friedrichstadt |
                        
                        Kirchfeldstraße 116",449 €,01.09.2024,15 m²,Kolja Plettner,Online: 1 day
https://www.wg-gesucht.de/en/wg-zimmer-in-Duesseldorf-Stadtmitte.11111160.html,WG-Zimmer in Top-Lage zu vermieten,"4 person apartment share  
                         |

                                                                                    Düsseldorf
                            
                            Stadtmitte |
                        
                        Oststraße 37",685 €,15.07.2024,28 m²,Michael Klöß,Online: 1 day
https://www.wg-gesucht.de/en/wg-zimmer-in-Duesseldorf-Erkrath.6948494.html,Großes WG-Zimmer im Grünen an  Hundefreund zu vergeben,"3 person apartment share  
                         |

                                                                                    Düsseldorf
                            
                            Erkrath |
                        
                        Am Mergelsberg",450 €,15.07.2024,21 m²,Marina,Online: 1 day
https://www.wg-gesucht.de/en/wg-zimmer-in-Duesseldorf-Pempelfort.11067304.html,WG Neugründung  auf der Nordstr. in Pempelfort,"3 person apartment share  
                         |

                                                                                    Düsseldorf
                            
                            Pempelfort |
                        
                        Nordstr. 35",470 €,01.08.2024,15 m²,Darko Maletin,Online: 1 day
https://www.wg-gesucht.de/en/wg-zimmer-in-Duesseldorf-Derendorf-Duesseltal.11087294.html,Freundschaftliche 3er WG in Hochschul nähe,"3 person apartment share  
                         |

                                                                                    Düsseldorf
                            
                            Derendorf/Düsseltal |
                        
                        Lacombletstraße",310 €,01.08.2024,15 m²,Lilly Geißler,Online: 1 day
https://www.wg-gesucht.de/en/wg-zimmer-in-Duesseldorf-Loerick.9140447.html,"Vollmöbliertes WG-Zimmer mit Wohnzimmer, Balkon und Küche überwiegend für dich allein - alles da","2 person apartment share  
                         |

                                                                                    Düsseldorf
                            
                            Lörick |
                        
                        Hildegard-Knef-Straße, 43",900 €,"01.09.2024
                    
                                            - 03.03.2025",12 m²,Yasmin May,Online: 1 day
https://www.wg-gesucht.de/en/wg-zimmer-in-Duesseldorf-Friedrichstadt.11108985.html,"(Verfügbar 1-24 Monate) - Private Room in Stadtmitte, Dusseldorf","2 person apartment share  
                         |

                                                                                    Düsseldorf
                            
                            Friedrichstadt |
                        
                        Karlstraße 14",720 €,"05.08.2024
                    
                                            - 31.05.2025",18 m²,Homelike Internet GmbH,Online: 2 hours
https://www.wg-gesucht.de/en/wg-zimmer-in-Duesseldorf-Benrath.11010947.html,Zimmer in einer 3-Zimmer-Wohnung in Düsseldorf,"2 person apartment share  
                         |

                                                                                    Düsseldorf
                            
                            Benrath |
                        
                        Kölner Landstraße 336",589 €,03.07.2024,61 m²,Spotahome,Online: 17.05.2024
https://www.wg-gesucht.de/en/wg-zimmer-in-Duesseldorf-Friedrichstadt.11108986.html,"(Verfügbar 1-24 Monate) - Private Room in Stadtmitte, Dusseldorf","2 person apartment share  
                         |

                                                                                    Düsseldorf
                            
                            Friedrichstadt |
                        
                        Karlstraße 14",720 €,"19.08.2024
                    
                                            - 31.05.2025",19 m²,Homelike Internet GmbH,Online: 2 hours
https://www.wg-gesucht.de/en/wg-zimmer-in-Duesseldorf-Unterbilk.11097165.html,gemütliche WG in Unterbilk sucht neue*n Mitbewohner*in :),"4 person apartment share  
                         |

                                                                                    Düsseldorf
                            
                            Unterbilk |
                        
                        Kronenstraße",420 €,01.08.2024,14 m²,Alma Lapidot Rakemann,Online: 1 day
https://www.wg-gesucht.de/en/wg-zimmer-in-Duesseldorf-Bilk.11110961.html,Zimmer mit Balkon auf Untermiete,"2 person apartment share  
                         |

                                                                                    Düsseldorf
                            
                            Bilk |
                        
                        Heresbachstr. 38",525 €,"01.09.2024
                    
                                            - 01.01.2025",24 m²,Niels,Online: 1 day
https://www.wg-gesucht.de/en/wg-zimmer-in-Duesseldorf.11051595.html,"Großes, helles Zimmer in Flingern zur Untermiete","3 person apartment share  
                         |

                                                                                    Düsseldorf |
                                                    
                        Wetterstrasse",880 €,"10.07.2024
                    
                                            - 01.10.2024",16 m²,Talia Livgöcmen,Online: 1 day
https://www.wg-gesucht.de/en/wg-zimmer-in-Duesseldorf-Flingern-Nord.11110891.html,Freies Großes WG Zimmer in Wohnung mit Balkon,"2 person apartment share  
                         |

                                                                                    Düsseldorf
                            
                            Flingern Nord |
                        
                        wetterstrasse 12",880 €,01.08.2024,20 m²,Talia Livgöcmen,Online: 1 day
https://www.wg-gesucht.de/en/wg-zimmer-in-Duesseldorf-Rath.11098294.html,WG-Zimmer in 3er-WG mit tollen Mitbewohnern,"3 person apartment share  
                         |

                                                                                    Düsseldorf
                            
                            Rath |
                        
                        Dorstener Straße 55",525 €,01.09.2024,15 m²,Darius M.,Online: 1 day
https://www.wg-gesucht.de/en/wg-zimmer-in-Duesseldorf.10063561.html,Kleines aber feines WG-Zimmer in Bilk zu vermieten BEFRISTET!,"2 person apartment share  
                         |

                                                                                    Düsseldorf |
                                                    
                        Merowingerstraße",380 €,"01.09.2024
                    
                                            - 01.03.2025",12 m²,Alicia L.,Online: 1 day
https://www.wg-gesucht.de/en/wg-zimmer-in-Duesseldorf-Pempelfort.9141636.html,gemütliche 2er WG/ cozy flatshare in Pempelfort,"2 person apartment share  
                         |

                                                                                    Düsseldorf
                            
                            Pempelfort |
                        
                        Schloßstraße 18",550 €,01.08.2024,15 m²,Lucas,Online: 1 day
https://www.wg-gesucht.de/en/wg-zimmer-in-Duesseldorf-Moersenbroich.11110713.html,suche WG-Mitbewohner*in 01.09.24-01.03.25,"2 person apartment share  
                         |

                                                                                    Düsseldorf
                            
                            Mörsenbroich |
                        
                        Gerhart-Hauptmann-Straße 22",600 €,"01.08.2024
                    
                                            - 01.03.2025",16 m²,Isabel M.,Online: 1 day
https://www.wg-gesucht.de/en/wg-zimmer-in-Duesseldorf-Duesseldorf.11110575.html,1 WG Zimmer ab 17.-30.07 zu vermieten WG Villa Stockum,"3 person apartment share  
                         |

                                                                                    Düsseldorf
                            
                            Düsseldorf |
                        
                        Amsterdamer Strasse 40",30 €,"17.07.2024
                    
                                            - 30.07.2024",16 m²,Clemens E.,Online: 1 day
https://www.wg-gesucht.de/en/wg-zimmer-in-Duesseldorf-Golzheim.4721977.html,Suche Mitbewohner in ruhiger Umgebung,"2 person apartment share  
                         |

                                                                                    Düsseldorf
                            
                            Golzheim |
                        
                        Tersteegenstraße xx",810 €,"01.04.2025
                    
                                            - 31.01.2026",58 m²,Petra Theodor,Online: 1 day
https://www.wg-gesucht.de/en/wg-zimmer-in-Duesseldorf-Golzheim.4659972.html,Im Grünen wohnen am Rhein,"2 person apartment share  
                         |

                                                                                    Düsseldorf
                            
                            Golzheim |
                        
                        Tersteegenstraße xx",810 €,01.04.2025,58 m²,Petra Theodor,Online: 1 day
https://www.wg-gesucht.de/en/wg-zimmer-in-Duesseldorf-Pempelfort.11078300.html,Zimmer in 2er WG in Pempelfort mit Wohnzimmer,"2 person apartment share  
                         |

                                                                                    Düsseldorf
                            
                            Pempelfort |
                        
                        Parkstraße 68",545 €,01.09.2024,15 m²,Josefin,Online: 1 day
https://www.wg-gesucht.de/en/wg-zimmer-in-Duesseldorf-Derendorf-Golzheim-Pempelfort.9721873.html,Vollmöbliertes 16qm Zimmer in netter WG :) 🌻  (1-3 Monate),"3 person apartment share  
                         |

                                                                                    Düsseldorf
                            
                            Derendorf/Golzheim/Pempel... |
                        
                        Golzheimer Str.",490 €,"01.08.2024
                    
                                            - 01.11.2024",16 m²,Haki T.,Online: 1 day
https://www.wg-gesucht.de/en/wg-zimmer-in-Duesseldorf-Ludenberg.10420606.html,"WG am Staufenplatz. Gerne mölbliert. If you like it, you get it furnished.","9 person apartment share  
                         |

                                                                                    Düsseldorf
                            
                            Ludenberg |
                        
                        Ludenbergerstr. 36",510 €,11.07.2024,19 m²,Tomas,Online: 1 day
https://www.wg-gesucht.de/en/wg-zimmer-in-Duesseldorf-Meerbusch-Osterath.10490022.html,Schönes möbliertes WG  Zimmer - nah an Düsseldorf - in Meerbusch/Osterath - Düsseldorf ist mit öffentlichen Nahverkehr super in kurzer  Zeit erreichbar,"2 person apartment share  
                         |

                                                                                    Düsseldorf
                            
                            Meerbusch Osterath |
                        
                        nah an  Willicher Strasse...",560 €,10.07.2024,21 m²,E,Online: 1 day
https://www.wg-gesucht.de/en/wg-zimmer-in-Duesseldorf-Flingern-Sued.10999028.html,"Cosy, bright and calm room close to city center with backyard view","2 person apartment share  
                         |

                                                                                    Düsseldorf
                            
                            Flingern Süd |
                        
                        Mettmanner Straße 15",30 €,"01.08.2024
                    
                                            - 30.08.2024",18 m²,Caroline,Online: 1 day
https://www.wg-gesucht.de/en/wg-zimmer-in-Duesseldorf-Friedrichstadt.11110118.html,Untermiete/ Zwischenmiete 27.07-28.09.2024 in entspannter 3er WG,"3 person apartment share  
                         |

                                                                                    Düsseldorf
                            
                            Friedrichstadt |
                        
                        Antoniusstraße 4",445 €,"27.07.2024
                    
                                            - 28.09.2024",16 m²,Grit B.,Online: 1 day
https://www.wg-gesucht.de/en/wg-zimmer-in-Duesseldorf-Rath.11106561.html,Gemütliches WG Zimmer Nähe HSD,"3 person apartment share  
                         |

                                                                                    Düsseldorf
                            
                            Rath |
                        
                        Oberrather Straße",385 €,"01.09.2024
                    
                                            - 28.02.2025",13 m²,Lina,Online: 2 days
https://www.wg-gesucht.de/en/wg-zimmer-in-Duesseldorf-Friedrichstadt.11109942.html,Nette und gemütliche 3er-WG in zentraler Lage sucht Mitbewohnerin-Helles Zimmer mit eigenem Balkon,"3 person apartment share  
                         |

                                                                                    Düsseldorf
                            
                            Friedrichstadt |
                        
                        Mintropstraße",412 €,01.08.2024,17 m²,Steffi Hu,Online: 2 days
https://www.wg-gesucht.de/en/wg-zimmer-in-Duesseldorf-Flingern-Nord.11109928.html,schönes 17qm WG-Zimmer in Flingern Nord,"2 person apartment share  
                         |

                                                                                    Düsseldorf
                            
                            Flingern Nord |
                        
                        Flurstrasse 36",450 €,01.10.2024,17 m²,Christina Heß,Online: 2 days
https://www.wg-gesucht.de/en/wg-zimmer-in-Duesseldorf-Benrath.11010947.html,Zimmer in einer 3-Zimmer-Wohnung in Düsseldorf,"2 person apartment share  
                         |

                                                                                    Düsseldorf
                            
                            Benrath |
                        
                        Kölner Landstraße 336",589 €,03.07.2024,61 m²,Spotahome,Online: 17.05.2024
https://www.wg-gesucht.de/en/wg-zimmer-in-Duesseldorf-Friedrichstadt.11108986.html,"(Verfügbar 1-24 Monate) - Private Room in Stadtmitte, Dusseldorf","2 person apartment share  
                         |

                                                                                    Düsseldorf
                            
                            Friedrichstadt |
                        
                        Karlstraße 14",720 €,"19.08.2024
                    
                                            - 31.05.2025",19 m²,Homelike Internet GmbH,Online: 2 hours
https://www.wg-gesucht.de/en/wg-zimmer-in-Duesseldorf-Friedrichstadt.11108985.html,"(Verfügbar 1-24 Monate) - Private Room in Stadtmitte, Dusseldorf","2 person apartment share  
                         |

                                                                                    Düsseldorf
                            
                            Friedrichstadt |
                        
                        Karlstraße 14",720 €,"05.08.2024
                    
                                            - 31.05.2025",18 m²,Homelike Internet GmbH,Online: 2 hours
https://www.wg-gesucht.de/en/wg-zimmer-in-Duesseldorf-Lierenfeld.8268629.html,entspannte & offene WG sucht neue*n Bewohner*in :),"3 person apartment share  
                         |

                                                                                    Düsseldorf
                            
                            Lierenfeld |
                        
                        Erkrather Straße",364 €,01.08.2024,16 m²,Julia J.,Online: 2 days
https://www.wg-gesucht.de/en/wg-zimmer-in-Duesseldorf-Stadtmitte.11098759.html,Helles WG-Zimmer in Stadtmitte (2er-WG),"2 person apartment share  
                         |

                                                                                    Düsseldorf
                            
                            Stadtmitte |
                        
                        Kölner Str. 42",455 €,01.09.2024,15 m²,Michael,Online: 2 days
https://www.wg-gesucht.de/en/wg-zimmer-in-Duesseldorf-Duesseldorf.10519916.html,Möbliertes Zimmer für BerufspendlerIN unter der Woche (Montag-Freitag),"2 person apartment share  
                         |

                                                                                    Düsseldorf
                            
                            Düsseldorf |
                        
                        Am Schulberg XX",500 €,01.09.2024,17 m²,Mira,Online: 2 days
https://www.wg-gesucht.de/en/wg-zimmer-in-Duesseldorf-Duesseltal.6314024.html,Zimmer im ZOO! - Zimmer in bunter 7er WG!,"7 person apartment share  
                         |

                                                                                    Düsseldorf
                            
                            Düsseltal |
                        
                        Grunerstraße",372 €,"15.08.2024
                    
                                            - 31.03.2025",10 m²,Vera B.,Online: 2 days
https://www.wg-gesucht.de/en/wg-zimmer-in-Duesseldorf-SOLINGEN-20-Km-von-Duesseldorf.9971812.html,Top WG ZIMMER IN SOLINGEN,"3 person apartment share  
                         |

                                                                                    Düsseldorf
                            
                            SOLINGEN  20 Km von Düsse... |
                        
                        öuxöh",580 €,"01.09.2024
                    
                                            - 31.12.2025",35 m²,Heide,Online: 2 days
https://www.wg-gesucht.de/en/wg-zimmer-in-Duesseldorf-Duesseldorf.11109342.html,WG Zimmer (ca 18qm) in sehr schöner und gepflegter Maisonnette Wohnung in Düsseldorf,"4 person apartment share  
                         |

                                                                                    Düsseldorf
                            
                            Düsseldorf |
                        
                        Cäcilienstraße 11",595 €,01.08.2024,18 m²,Francis,Online: 2 days
https://www.wg-gesucht.de/en/wg-zimmer-in-Duesseldorf-Oberbilk.11019782.html,Zimmer in schöner 2er WG (ab 01.08.),"2 person apartment share  
                         |

                                                                                    Düsseldorf
                            
                            Oberbilk |
                        
                        Ellerstraße",550 €,01.08.2024,18 m²,Nele R.,Online: 2 days
https://www.wg-gesucht.de/en/wg-zimmer-in-Duesseldorf-Unterbach.10521797.html,Helle Mansarde+eig. Bad zur Alleinnutzung nahe Unterbacher See,"2 person apartment share  
                         |

                                                                                    Düsseldorf
                            
                            Unterbach |
                        
                        Gerresheimer Landstraße 154",600 €,01.08.2024,22 m²,Markus,Online: 2 days
https://www.wg-gesucht.de/en/wg-zimmer-in-Duesseldorf-Derendorf.10919168.html,Gemütliches WG-Zimmer in zentraler Lage in Derendorf,"4 person apartment share  
                         |

                                                                                    Düsseldorf
                            
                            Derendorf |
                        
                        Geistenstraße",450 €,01.08.2024,10 m²,Franzi,Online: 2 days
https://www.wg-gesucht.de/en/wg-zimmer-in-Duesseldorf-Friedrichstadt.11107745.html,Beautiful 1 fully furnished zimmer in 2 zimmer apartment,"2 person apartment share  
                         |

                                                                                    Düsseldorf
                            
                            Friedrichstadt |
                        
                        MintropsratBe",750 €,"09.07.2024
                    
                                            - 31.07.2024",25 m²,Mr Singh,Online: 2 days
https://www.wg-gesucht.de/en/wg-zimmer-in-Duesseldorf-Duesseltal.11108904.html,Süßes WG Zimmer in Düsseltal,"2 person apartment share  
                         |

                                                                                    Düsseldorf
                            
                            Düsseltal |
                        
                        Ahnfeldstraße 31",610 €,"01.09.2024
                    
                                            - 01.02.2025",20 m²,Sarah Weissbach,Online: 2 days
https://www.wg-gesucht.de/en/wg-zimmer-in-Duesseldorf-Friedrichstadt.11097759.html,WG Neugründung in Friedrichstadt (nähe Fürstenplatz) - 5er WG,"5 person apartment share  
                         |

                                                                                    Düsseldorf
                            
                            Friedrichstadt |
                        
                        Hildebrandstr. 20",495 €,01.08.2024,16 m²,Darko Maletin,Online: 2 days
https://www.wg-gesucht.de/en/wg-zimmer-in-Duesseldorf-Duesseltal.2450003.html,Süßes helles Zimmer in ruhiger Lage Nähe Zoopark !,"2 person apartment share  
                         |

                                                                                    Düsseldorf
                            
                            Düsseltal |
                        
                        Maurenbrecherstr. 26",450 €,"10.10.2024
                    
                                            - 30.09.2025",11 m²,Yun,Online: 2 days
https://www.wg-gesucht.de/en/wg-zimmer-in-Duesseldorf.11103055.html,20qm Zimmer in netter 4er-WG,"4 person apartment share  
                         |

                                                                                    Düsseldorf |
                                                    
                        Kölner Str.",555 €,01.08.2024,20 m²,Emilia,Online: 2 days
https://www.wg-gesucht.de/en/wg-zimmer-in-Duesseldorf-Golzheim.11103264.html,Nachmieterin gesucht für schönes WG-Zimmer in Golzheim,"3 person apartment share  
                         |

                                                                                    Düsseldorf
                            
                            Golzheim |
                        
                        Kaiserswerther Straße",575 €,01.09.2024,14 m²,Abi,Online: 2 days
https://www.wg-gesucht.de/en/wg-zimmer-in-Duesseldorf-Friedrichstadt.11108354.html,2er WG in Friedrichstadt sucht Nachmieter:in,"2 person apartment share  
                         |

                                                                                    Düsseldorf
                            
                            Friedrichstadt |
                        
                        Fürstenwall 161",440 €,01.08.2024,24 m²,Justus,Online: 2 days
https://www.wg-gesucht.de/en/wg-zimmer-in-Duesseldorf-Loerick.11055407.html,WG-Zimmer in 3er Mädels-WG,"3 person apartment share  
                         |

                                                                                    Düsseldorf
                            
                            Lörick |
                        
                        Lörick",520 €,01.08.2024,12 m²,Julia Lederle,Online: 2 days
https://www.wg-gesucht.de/en/wg-zimmer-in-Duesseldorf-Oberbilk.11019811.html,3er WG in Oberbilk,"4 person apartment share  
                         |

                                                                                    Düsseldorf
                            
                            Oberbilk |
                        
                        Oberbilker Allee 213",412 €,01.07.2024,12 m²,Carlos,Online: 2 days
https://www.wg-gesucht.de/en/wg-zimmer-in-Duesseldorf-Eller.7630562.html,Schönes Zimmer in großer 5er WG,"5 person apartment share  
                         |

                                                                                    Düsseldorf
                            
                            Eller |
                        
                        Gertrudisplatz",540 €,15.08.2024,20 m²,Anna,Online: 2 days
https://www.wg-gesucht.de/en/wg-zimmer-in-Duesseldorf-Lohausen.11096191.html,Schönes WG-Zimmer in ruhigem Wohngebiet,"2 person apartment share  
                         |

                                                                                    Düsseldorf
                            
                            Lohausen |
                        
                        Im Grund x",400 €,01.08.2024,13 m²,Theresa,Online: 2 days
https://www.wg-gesucht.de/en/wg-zimmer-in-Duesseldorf-Friedrichstadt.11108986.html,"(Verfügbar 1-24 Monate) - Private Room in Stadtmitte, Dusseldorf","2 person apartment share  
                         |

                                                                                    Düsseldorf
                            
                            Friedrichstadt |
                        
                        Karlstraße 14",720 €,"19.08.2024
                    
                                            - 31.05.2025",19 m²,Homelike Internet GmbH,Online: 2 hours
https://www.wg-gesucht.de/en/wg-zimmer-in-Duesseldorf-Benrath.11010947.html,Zimmer in einer 3-Zimmer-Wohnung in Düsseldorf,"2 person apartment share  
                         |

                                                                                    Düsseldorf
                            
                            Benrath |
                        
                        Kölner Landstraße 336",589 €,03.07.2024,61 m²,Spotahome,Online: 17.05.2024
https://www.wg-gesucht.de/en/wg-zimmer-in-Duesseldorf-Friedrichstadt.11108985.html,"(Verfügbar 1-24 Monate) - Private Room in Stadtmitte, Dusseldorf","2 person apartment share  
                         |

                                                                                    Düsseldorf
                            
                            Friedrichstadt |
                        
                        Karlstraße 14",720 €,"05.08.2024
                    
                                            - 31.05.2025",18 m²,Homelike Internet GmbH,Online: 2 hours
https://www.wg-gesucht.de/en/wg-zimmer-in-Duesseldorf-Oberbilk.11106998.html,Großes Helles Zimmer in 3er Mädels-WG in Oberbilk,"3 person apartment share  
                         |

                                                                                    Düsseldorf
                            
                            Oberbilk |
                        
                        Höhenstraße 12",540 €,01.09.2024,17 m²,Megan,Online: 2 days
https://www.wg-gesucht.de/en/wg-zimmer-in-Duesseldorf-Stockum.11108205.html,1-Zimmer mit eigener Terasse,"3 person apartment share  
                         |

                                                                                    Düsseldorf
                            
                            Stockum |
                        
                        Amsterdamer Str",650 €,"01.08.2024
                    
                                            - 01.09.2025",20 m²,N. Jabs,Online: 2 days
https://www.wg-gesucht.de/en/wg-zimmer-in-Duesseldorf-Garath.11107939.html,1-Zi in 3-er WG mit EBK und Parkplatz in Düsseldorf-Garath,"3 person apartment share  
                         |

                                                                                    Düsseldorf
                            
                            Garath |
                        
                        Stettinerstraße",750 €,01.10.2024,19 m²,Venkatakrishnan Subramanian,Online: 2 days
https://www.wg-gesucht.de/en/wg-zimmer-in-Duesseldorf-Friedrichstadt-Bilk.11088575.html,"Zimmer in 3er WG, zentrale Lage, Balkon","3 person apartment share  
                         |

                                                                                    Düsseldorf
                            
                            Friedrichstadt/Bilk |
                        
                        Jahnstraße 116",400 €,15.08.2024,15 m²,Leonie P.,Online: 2 days
https://www.wg-gesucht.de/en/wg-zimmer-in-Duesseldorf-Bilk.5742757.html,Nachmieter für 2er-WG (15qm) gesucht (uni-nah),"2 person apartment share  
                         |

                                                                                    Düsseldorf
                            
                            Bilk |
                        
                        Witzelstr. 26",600 €,"01.08.2024
                    
                                            - 30.10.2024",15 m²,Christoph Beck,Online: 2 days
https://www.wg-gesucht.de/en/wg-zimmer-in-Duesseldorf-Wersten.11104486.html,16qm Zimmer nahe der Uni für 1 Semester,"3 person apartment share  
                         |

                                                                                    Düsseldorf
                            
                            Wersten |
                        
                        Otto-Hahn-Str 118",310 €,"05.08.2024
                    
                                            - 01.03.2025",16 m²,Julius,Online: 2 days
https://www.wg-gesucht.de/en/wg-zimmer-in-Duesseldorf-Pempelfort.11106974.html,schönes WG-Zimmer in perfekter Lage in Pempelfort,"3 person apartment share  
                         |

                                                                                    Düsseldorf
                            
                            Pempelfort |
                        
                        Franklinstraße 35",535 €,01.08.2024,14 m²,Malte Biedermann,Online: 2 days
https://www.wg-gesucht.de/en/wg-zimmer-in-Duesseldorf.11106697.html,Traumhafte Altauwohnung in 2er WG,"2 person apartment share  
                         |

                                                                                    Düsseldorf |
                                                    
                        Benderstraße",520 €,"01.09.2024
                    
                                            - 31.01.2025",17 m²,Janna Roolfs,Online: 2 days
https://www.wg-gesucht.de/en/wg-zimmer-in-Duesseldorf.11094210.html,WG Zimmer in zentraler Lage (mit modernem Bad und Küche),"4 person apartment share  
                         |

                                                                                    Düsseldorf |
                                                    
                        Corneliusstraße 106",520 €,15.08.2024,12 m²,Simeon Steiner,Online: 2 days
https://www.wg-gesucht.de/en/wg-zimmer-in-Duesseldorf-Stadtmitte.10960546.html,"1,5 Zimmer in zentraler Lage am Carlsplatz","2 person apartment share  
                         |

                                                                                    Düsseldorf
                            
                            Stadtmitte |
                        
                        Benrather Straße 3",580 €,01.08.2024,40 m²,Laura B.,Online: 2 days
https://www.wg-gesucht.de/en/wg-zimmer-in-Duesseldorf-Altstadt.11106063.html,Zimmer in WG zu vermieten,"2 person apartment share  
                         |

                                                                                    Düsseldorf
                            
                            Altstadt |
                        
                        Ratinger Straße 24",600 €,"01.10.2024
                    
                                            - 01.04.2025",16 m²,Frank,Online: 2 days
https://www.wg-gesucht.de/en/wg-zimmer-in-Duesseldorf-Stockum.8286465.html,Möbliertes Gästezimmer im Düsseldorfer Norden U78 U79 730 760 M1,"4 person apartment share  
                         |

                                                                                    Düsseldorf
                            
                            Stockum |
                        
                        Am Heidhügel 38",680 €,01.10.2024,34 m²,Heike Steininger-Krey,Online: 2 days
https://www.wg-gesucht.de/en/wg-zimmer-in-Duesseldorf-Lohausen.8785216.html,Mädels-WG hat ab sofort oder zum 01.08.24 Zimmer frei,"5 person apartment share  
                         |

                                                                                    Düsseldorf
                            
                            Lohausen |
                        
                        Josef-Wilden-Straße 3",590 €,15.07.2024,20 m²,Sabine Kertscher,Online: 3 days
https://www.wg-gesucht.de/en/wg-zimmer-in-Duesseldorf-Flingern-Sued.11107338.html,WG-Zimmer für den Zeitraum vom 15.7-30.9 zu vermieten,"3 person apartment share  
                         |

                                                                                    Düsseldorf
                            
                            Flingern Süd |
                        
                        Erkrather Straße 274",500 €,"15.07.2024
                    
                                            - 30.09.2024",17 m²,Alexander N.,Online: 3 days
https://www.wg-gesucht.de/en/wg-zimmer-in-Duesseldorf-Oberbilk.11074977.html,Schönes Wg-Zimmer in 2er WG :),"2 person apartment share  
                         |

                                                                                    Düsseldorf
                            
                            Oberbilk |
                        
                        Flügelstraße 64",424 €,08.07.2024,15 m²,Alexa,Online: 3 days
https://www.wg-gesucht.de/en/wg-zimmer-in-Duesseldorf-Stadtmitte.11065109.html,Stadtmitte,"3 person apartment share  
                         |

                                                                                    Düsseldorf
                            
                            Stadtmitte |
                        
                        Schützen Straße",550 €,08.07.2024,20 m²,N. Ariai,Online: 3 days
https://www.wg-gesucht.de/en/wg-zimmer-in-Duesseldorf-Carlsplatz.11104701.html,"1,5 Zimmer in zentraler Lage, Düsseldorf Carlsplatz","2 person apartment share  
                         |

                                                                                    Düsseldorf
                            
                            Carlsplatz |
                        
                        Benrather Straße 3",350 €,"14.07.2024
                    
                                            - 31.07.2024",40 m²,Laura B.,Online: 3 days
https://www.wg-gesucht.de/en/wg-zimmer-in-Duesseldorf-Oberbilk.10967183.html,Kernsanierte Wohnung / WG Neugründung,"3 person apartment share  
                         |

                                                                                    Düsseldorf
                            
                            Oberbilk |
                        
                        Sonnenstraße 95",560 €,15.07.2024,16 m²,Andreia,Online: 3 days
https://www.wg-gesucht.de/en/wg-zimmer-in-Duesseldorf-Bilk.11107207.html,A share room in Unterblik,"3 person apartment share  
                         |

                                                                                    Düsseldorf
                            
                            Bilk |
                        
                        Benzenbergstraße 7",450 €,08.07.2024,20 m²,Sunah,Online: 3 days
https://www.wg-gesucht.de/en/wg-zimmer-in-Duesseldorf-Wehrhahn.11050296.html,Nette 2er WG - eine Mitbewohnerin zur befristeten Untermiete gesucht - in Düsseldorf-Flingern,"2 person apartment share  
                         |

                                                                                    Düsseldorf
                            
                            Wehrhahn |
                        
                        Birkenstraße 5",400 €,"15.07.2024
                    
                                            - 31.03.2025",11 m²,Isabel Pira,Online: 3 days
https://www.wg-gesucht.de/en/wg-zimmer-in-Duesseldorf-Friedrichstadt.11108986.html,"(Verfügbar 1-24 Monate) - Private Room in Stadtmitte, Dusseldorf","2 person apartment share  
                         |

                                                                                    Düsseldorf
                            
                            Friedrichstadt |
                        
                        Karlstraße 14",720 €,"19.08.2024
                    
                                            - 31.05.2025",19 m²,Homelike Internet GmbH,Online: 2 hours
https://www.wg-gesucht.de/en/wg-zimmer-in-Duesseldorf-Benrath.11010947.html,Zimmer in einer 3-Zimmer-Wohnung in Düsseldorf,"2 person apartment share  
                         |

                                                                                    Düsseldorf
                            
                            Benrath |
                        
                        Kölner Landstraße 336",589 €,03.07.2024,61 m²,Spotahome,Online: 17.05.2024
https://www.wg-gesucht.de/en/wg-zimmer-in-Duesseldorf-Friedrichstadt.11108985.html,"(Verfügbar 1-24 Monate) - Private Room in Stadtmitte, Dusseldorf","2 person apartment share  
                         |

                                                                                    Düsseldorf
                            
                            Friedrichstadt |
                        
                        Karlstraße 14",720 €,"05.08.2024
                    
                                            - 31.05.2025",18 m²,Homelike Internet GmbH,Online: 2 hours
