full_link,title,details,price,availability,size,landlord,online_status,description
https://www.wg-gesucht.de/en/wg-zimmer-in-Duesseldorf-Oberbilk.5362474.html,mÃ¶bliertes WG-Zimmer - mit schÃ¶nem Balkon - 5 Minuten vom DÃ¼sseldorfer Hauptbahnhof,N/A,N/A,"15.06.2024
                    
                                            - 31.05.2025",14 mÂ²,Danni,Online: 3 hours,N/A
https://www.wg-gesucht.de/en/wg-zimmer-in-Duesseldorf-Derendorf.9759399.html,Zimmer in 3er WG ab Juli GIRLS ONLY,N/A,N/A,01.07.2024,14 mÂ²,Jil,Online: 3 hours,N/A
https://www.wg-gesucht.de/en/wg-zimmer-in-Duesseldorf-Friedrichstadt.5633474.html,"Ab August, groÃŸes Zimmer in netter 5-er WG, mÃ¶bliert, zentrale Lage,",N/A,N/A,01.08.2024,21 mÂ²,Bettina,Online: 3 hours,N/A
https://www.wg-gesucht.de/en/wg-zimmer-in-Duesseldorf-Pempelfort.11043618.html,2er WG-NeugrÃ¼ndung zentral in DÃ¼sseldorf Pempelfort - Prime Location,N/A,N/A,01.07.2024,21 mÂ²,Marcel,Online: 4 hours,N/A
https://www.wg-gesucht.de/en/wg-zimmer-in-Duesseldorf-Friedrichstadt.8011809.html,"1 Zimmer ab Juli, 1 Zimmer ab September: Beste Lage!Midtown! Sehr zentral. Eigene Dachterrasse fÃ¼r Dich alleine.",N/A,N/A,"01.07.2024
                    
                                            - 31.12.2024",16 mÂ²,Alexander,Online: 4 hours,N/A
https://www.wg-gesucht.de/en/wg-zimmer-in-Duesseldorf-Bilk.3181143.html,"Freies WG-Zimmer in UninÃ¤he an Studenten zu vermieten, Einzugsdatum flexibel",N/A,N/A,01.07.2024,14 mÂ²,WG ChlodwigstraÃŸe,Online: 4 hours,N/A
https://www.wg-gesucht.de/en/wg-zimmer-in-Duesseldorf-Oberbilk.11049299.html,WG Zimmer in super Lage,N/A,N/A,15.08.2024,15 mÂ²,Mosaab,Online: 5 hours,N/A
https://www.wg-gesucht.de/en/wg-zimmer-in-Duesseldorf-Oberbilk.6602756.html,"Helles, mÃ¶bliertes Zimmer in einer 3-er WG - zentrale Lage, DÃ¼sseldorf EllerstraÃŸe 100",N/A,N/A,11.06.2024,20 mÂ²,Frau Boskamp,Online: 5 hours,N/A
https://www.wg-gesucht.de/en/wg-zimmer-in-Duesseldorf-Stadtmitte.11029574.html,Renovierte 3-WG in zentraler Lage mit EinbaukÃ¼che,N/A,N/A,11.06.2024,14 mÂ²,K. Martin,Online: 6 hours,N/A
https://www.wg-gesucht.de/en/wg-zimmer-in-Duesseldorf-Stadtmitte.7664812.html,GROSS ABER OHO. AB SOFORT.,N/A,N/A,11.06.2024,17 mÂ²,Martin,Online: 6 hours,N/A
https://www.wg-gesucht.de/en/wg-zimmer-in-Duesseldorf-Flehe.11037219.html,Helles Zimmer in 2er WG nahe HHU,N/A,N/A,01.07.2024,17 mÂ²,Amy S.,Online: 6 hours,N/A
https://www.wg-gesucht.de/en/wg-zimmer-in-Duesseldorf.11038678.html,Zimmer in 2er-WG Studentenwohnheim,N/A,N/A,01.08.2024,19 mÂ²,Lena F.,Online: 6 hours,N/A
https://www.wg-gesucht.de/en/wg-zimmer-in-Duesseldorf-Friedrichstadt.11054488.html,"SchÃ¶nes, helles Zimmer zur Zwischenmiete (04.07.24-01.09.24)",N/A,N/A,"04.07.2024
                    
                                            - 01.09.2024",22 mÂ²,Veronika Maria S.,Online: 6 hours,N/A
https://www.wg-gesucht.de/en/wg-zimmer-in-Duesseldorf-Bilk.7744621.html,Top Lage !!! - Coolste 3er WG in Bilk sucht dich ab dem 01.07,N/A,N/A,"01.07.2024
                    
                                            - 01.03.2025",25 mÂ²,Karolina K.,Online: 7 hours,N/A
https://www.wg-gesucht.de/en/wg-zimmer-in-Duesseldorf-Ludenberg.10420606.html,"WG am Staufenplatz. Gerne mÃ¶lbliert. If you like it, you get it furnished.",N/A,N/A,11.06.2024,19 mÂ²,Tomas,Online: 7 hours,N/A
https://www.wg-gesucht.de/en/wg-zimmer-in-Duesseldorf-Benrath.6859567.html,5er wg Ã¼ber 2 etagen. sehr ruhige sackgasse.,N/A,N/A,11.06.2024,17 mÂ²,Bernd,Online: 7 hours,N/A
https://www.wg-gesucht.de/en/wg-zimmer-in-Duesseldorf-Oberbilk.9410540.html,"SÃ¼ÃŸes, modernes Zimmer in zentraler 2er-WG",N/A,N/A,01.09.2024,16 mÂ²,Niko,Online: 7 hours,N/A
https://www.wg-gesucht.de/en/wg-zimmer-in-Duesseldorf-Unterbilk.10460303.html,Unterbilk Altbau mit MÃ¶beln. Miete oder intermediate rent,N/A,N/A,11.06.2024,20 mÂ²,Klaus,Online: 7 hours,N/A
https://www.wg-gesucht.de/en/wg-zimmer-in-Duesseldorf-Bilk.11051394.html,SchÃ¶nes WG-Zimmer,N/A,N/A,01.08.2024,20 mÂ²,Isabella Cifuentes,Online: 7 hours,N/A
https://www.wg-gesucht.de/en/wg-zimmer-in-Duesseldorf-Flingern.8923809.html,BALKON-ZIMMER IN TOLLER WG,N/A,N/A,"01.07.2024
                    
                                            - 30.09.2024",20 mÂ²,Michel Jonathan Schwarzkopf,Online: 7 hours,N/A
https://www.wg-gesucht.de/en/wg-zimmer-in-Duesseldorf-Benrath.11010947.html,Zimmer in einer 3-Zimmer-Wohnung in DÃ¼sseldorf,N/A,N/A,03.07.2024,61 mÂ²,Spotahome,Online: 17.05.2024,N/A
https://www.wg-gesucht.de/en/wg-zimmer-in-Duesseldorf-Flingern.11051204.html,SchÃ¶nes Zimmer in moderner 5er WG,N/A,N/A,15.07.2024,18 mÂ²,Lisa-Marie FÃ¼chtmann,Online: 7 hours,N/A
https://www.wg-gesucht.de/en/wg-zimmer-in-Duesseldorf-Innenstadt.9946055.html,Zwischenmiete in der schÃ¶nsten WG DÃ¼sseldorfs,N/A,N/A,16.07.2024,27 mÂ²,Britta,Online: 7 hours,N/A
https://www.wg-gesucht.de/en/wg-zimmer-in-Duesseldorf-Meerbusch-Osterath.10490022.html,SchÃ¶nes mÃ¶bliertes WG  Zimmer   - nah  an  DÃ¼sseldorf - in  Meerbusch/Osterath - DÃ¼sseldorf ist mit Ã¶ffentlichen Nahverkehr super in kurzer  Zeit erreichbar,N/A,N/A,11.06.2024,21 mÂ²,E,Online: 7 hours,N/A
https://www.wg-gesucht.de/en/wg-zimmer-in-Duesseldorf-Oberbilk.11029936.html,"All - Inclusive, WG, Zimmer, mÃ¶bliert DÃ¼sseldorf Hbf in der nÃ¤he, Einzelbett/ Doppelbett ( beides mÃ¶glich) Keyless, in Zutrittkontrolle",N/A,N/A,01.07.2024,14 mÂ²,Ali Ayhan,Online: 7 hours,N/A
https://www.wg-gesucht.de/en/wg-zimmer-in-Duesseldorf-Oberbilk.11039339.html,Christliche WG in DÃ¼sseldorf,N/A,N/A,01.08.2024,15 mÂ²,Friederike Evermann,Online: 7 hours,N/A
https://www.wg-gesucht.de/en/wg-zimmer-in-Duesseldorf-Duesseltal.11045591.html,wg zimmer in top lage!,N/A,N/A,"05.07.2024
                    
                                            - 31.12.2025",12 mÂ²,CRISTINA VON LÃœCKEN,Online: 8 hours,N/A
https://www.wg-gesucht.de/en/wg-zimmer-in-Duesseldorf-Flingern-Sued.11019159.html,mÃ¶bliertes wg zimmer sehr zentral,N/A,N/A,"01.07.2024
                    
                                            - 31.12.2025",14 mÂ²,CRISTINA VON LÃœCKEN,Online: 8 hours,N/A
https://www.wg-gesucht.de/en/wg-zimmer-in-Duesseldorf-Pempelfort.11054381.html,2er Wg in DÃ¼sseldorf Zentrale,N/A,N/A,"01.07.2024
                    
                                            - 01.10.2024",15 mÂ²,Berta J.,Online: 8 hours,N/A
https://www.wg-gesucht.de/en/wg-zimmer-in-Duesseldorf-Flingern-Nord.10060701.html,WG-Zimmer in gerÃ¤umiger 3-Zimmer-Wohnung in Flingern zur Untermiete mit Wohnzimmer,N/A,N/A,"01.08.2024
                    
                                            - 31.10.2024",25 mÂ²,Jona Stahl,Online: 8 hours,N/A
https://www.wg-gesucht.de/en/wg-zimmer-in-Duesseldorf-SOLINGEN-20-km-von-Duesseldorf.8191525.html,SchÃ¶nes gerÃ¤umiges WG Zimmer in SOLINGEN,N/A,N/A,"01.09.2024
                    
                                            - 31.12.2025",25 mÂ²,Heide,Online: 8 hours,N/A
https://www.wg-gesucht.de/en/wg-zimmer-in-Duesseldorf-Holthausen.11054296.html,"EM Schlafplatz, 150.-â‚¬ pro Nacht, Last Minute !",N/A,N/A,"14.06.2024
                    
                                            - 10.08.2024",20 mÂ²,Tanja Devers-Schlicht,Online: 8 hours,N/A
https://www.wg-gesucht.de/en/wg-zimmer-in-Duesseldorf-Golzheim.8037322.html,WG Zimmer im wunderschÃ¶nen Golzheim fast am Rhein,N/A,N/A,11.06.2024,18 mÂ²,Dominik K.,Online: 8 hours,N/A
https://www.wg-gesucht.de/en/wg-zimmer-in-Duesseldorf-Oberbilk.8036373.html,4 Wgs im Haus. MÃ¶bliert. Here are 4 flatshares in the house. Furnished,N/A,N/A,11.06.2024,18 mÂ²,Marina Minkowski,Online: 8 hours,N/A
https://www.wg-gesucht.de/en/wg-zimmer-in-Duesseldorf-Friedrichstadt.7830776.html,ZENTRAL NÃ„HE HBF. CENTRAL NEAR MAIN STATION. FURNISHED. MÃ–BLIERT. ZWISCHENMIETE ODER LÃ„NGER. INTERIM RENT OR LONGER.,N/A,N/A,11.06.2024,18 mÂ²,Ronald,Online: 9 hours,N/A
https://www.wg-gesucht.de/en/wg-zimmer-in-Duesseldorf-Stadtmitte.8479062.html,"Ziemlich zentral ist immer fein :) Du brauchst deine eigene BettwÃ¤sche, ansonsten voll mÃ¶bliert.",N/A,N/A,01.07.2024,19 mÂ²,Maria,Online: 9 hours,N/A
https://www.wg-gesucht.de/en/wg-zimmer-in-Duesseldorf-Eller.10598538.html,6er WG im mÃ¶blierten Einfamilienhaus mit Garten - Warmmiete! Nur noch 2 Zimmer frei - DÃ¼sseldorf Eller - ruhige Lage - gute Anbindung,N/A,N/A,01.07.2024,16 mÂ²,Peter Wiza,Online: 9 hours,N/A
https://www.wg-gesucht.de/en/wg-zimmer-in-Duesseldorf-Flingern-Nord.11008461.html,"Entdecke dein Zuhause: Einzigartiges WG-Zimmer in DÃ¼sseldorfs pulsierendem Viertel, AckerstraÃŸe 49",N/A,N/A,11.06.2024,17 mÂ²,Alexander Wenzel,Online: 9 hours,N/A
https://www.wg-gesucht.de/en/wg-zimmer-in-Duesseldorf-Friedrichstadt.11033442.html,WG Zimmer in bester Lage,N/A,N/A,01.08.2024,10 mÂ²,N. Tewes,Online: 9 hours,N/A
https://www.wg-gesucht.de/en/wg-zimmer-in-Duesseldorf-Stadtmitte.8479156.html,Zentral zur Zwischenmiete . Central located limited in time,N/A,N/A,11.06.2024,17 mÂ²,Maria,Online: 9 hours,N/A
https://www.wg-gesucht.de/en/wg-zimmer-in-Duesseldorf-Derendorf-Golzheim-Pempelfort.9721873.html,VollmÃ¶bliertes 16qm Zimmer in netter WG :) ðŸŒ»  (1-4 Monate),N/A,N/A,"01.07.2024
                    
                                            - 01.10.2024",16 mÂ²,Haki T.,Online: 9 hours,N/A
https://www.wg-gesucht.de/en/wg-zimmer-in-Duesseldorf-Benrath.11010947.html,Zimmer in einer 3-Zimmer-Wohnung in DÃ¼sseldorf,N/A,N/A,03.07.2024,61 mÂ²,Spotahome,Online: 17.05.2024,N/A
https://www.wg-gesucht.de/en/wg-zimmer-in-Duesseldorf-Flingern-Sued.10156812.html,Zimmer mit eigenem WC â€“ ab August â€“ unbesfristet,N/A,N/A,01.08.2024,17 mÂ²,Nila,Online: 9 hours,N/A
https://www.wg-gesucht.de/en/wg-zimmer-in-Duesseldorf-Wersten.10782859.html,MÃ¶bliertes WG-Zimmer in perfekter Lage,N/A,N/A,"01.07.2024
                    
                                            - 31.08.2024",24 mÂ²,Karla H.,Online: 10 hours,N/A
https://www.wg-gesucht.de/en/wg-zimmer-in-Duesseldorf-Friedrichstadt.10155939.html,WG-Zimmer am FÃ¼rstenplatz fÃ¼r eine Frau ab 30,N/A,N/A,01.07.2024,17 mÂ²,Drama Drama,Online: 10 hours,N/A
https://www.wg-gesucht.de/en/wg-zimmer-in-Duesseldorf-Stadtmitte.6250671.html,Beautiful room - females only,N/A,N/A,"01.07.2024
                    
                                            - 28.02.2025",11 mÂ²,Anja L,Online: 12 hours,N/A
https://www.wg-gesucht.de/en/wg-zimmer-in-Duesseldorf-Duesseltal.11048719.html,Eine groÃŸe Fensterfront lÃ¤sst genÃ¼gend Tageslicht ins Zimmer.,N/A,N/A,08.09.2024,16 mÂ²,Juliamo Juliamo,Online: 12 hours,N/A
https://www.wg-gesucht.de/en/wg-zimmer-in-Duesseldorf-Stadtmitte.10709139.html,MÃ¶blierte und neu renovierte Komfort-WG Zimmer mit ensuite Bad und groÃŸer WohnkÃ¼che Ã¼ber dem Worringer Platz,N/A,N/A,11.06.2024,25 mÂ²,Johnny,Online: 13 hours,N/A
https://www.wg-gesucht.de/en/wg-zimmer-in-Duesseldorf-Benrath.11054072.html,Zimmer - Room 3,N/A,N/A,11.06.2024,14 mÂ²,Spacest Team,Online: 14 hours,N/A
https://www.wg-gesucht.de/en/wg-zimmer-in-Duesseldorf-Friedrichstadt.4710734.html,"MÃ¶bliertes 15 m2 Zimmer in  netter 5 er WG, zentral",N/A,N/A,15.06.2024,15 mÂ²,Phian Phetchairat,Online: 19 hours,N/A
https://www.wg-gesucht.de/en/wg-zimmer-in-Duesseldorf-Friedrichstadt.3647603.html,"Mobliertes 20 qm Zimmer in nettest 5er WG,zentral.",N/A,N/A,15.08.2024,20 mÂ²,Phian Phetchairat,Online: 19 hours,N/A
https://www.wg-gesucht.de/en/wg-zimmer-in-Duesseldorf-Wersten.10982791.html,4er WG mit Garten ðŸŒ»ðŸ¦¦,N/A,N/A,01.08.2024,12 mÂ²,Myriam,Online: 20 hours,N/A
https://www.wg-gesucht.de/en/wg-zimmer-in-Duesseldorf-Pempelfort.2304645.html,"Spacious room with double bed and private balcony, HSD in walking distance",N/A,N/A,15.06.2024,15 mÂ²,Anja,Online: 21 hours,N/A
https://www.wg-gesucht.de/en/wg-zimmer-in-Duesseldorf-Pempelfort.7034832.html,1 Zimmer zentral in DÃ¼sseldorf in stilvoller Altbauwohnung (Pauschalmiete),N/A,N/A,18.07.2024,14 mÂ²,Anja,Online: 21 hours,N/A
https://www.wg-gesucht.de/en/wg-zimmer-in-Duesseldorf-Hassels.11053387.html,GemÃ¼tliches WG Zimmer DÃ¼sseldorf,N/A,N/A,01.07.2024,14 mÂ²,Kashmira Bhaip,Online: 21 hours,N/A
https://www.wg-gesucht.de/en/wg-zimmer-in-Duesseldorf-Lierenfeld.11053615.html,Nette Altbau wg,N/A,N/A,10.06.2024,15 mÂ²,Lina Lewen,Online: 21 hours,N/A
https://www.wg-gesucht.de/en/wg-zimmer-in-Duesseldorf-Stockum.2119269.html,Helles Zimmer in netter 3er Nichtraucher-WG ab sofort frei,N/A,N/A,10.06.2024,14 mÂ²,Frank Schlieper,Online: 21 hours,N/A
https://www.wg-gesucht.de/en/wg-zimmer-in-Duesseldorf-Stockum.1847660.html,nette Nichtraucher WG sucht Mitbewohner,N/A,N/A,10.06.2024,14 mÂ²,Frank Schlieper,Online: 21 hours,N/A
https://www.wg-gesucht.de/en/wg-zimmer-in-Duesseldorf-Wersten.9888046.html,"Zimmer ab 01.07.2024 frei - SÃ¼dpark, Provinzialplatz, Mitsubishi Electric Halle",N/A,N/A,30.06.2024,30 mÂ²,Rebekka Meyer,Online: 21 hours,N/A
https://www.wg-gesucht.de/en/wg-zimmer-in-Duesseldorf-Friedrichstadt.5111956.html,"MÃ¶biliertes 13mÂ² Zimmer in 3er-WG, sehr zentral - perfekt fÃ¼r Pendler",N/A,N/A,01.07.2024,13 mÂ²,Albert,Online: 22 hours,N/A
https://www.wg-gesucht.de/en/wg-zimmer-in-Duesseldorf-Friedrichstadt.9481364.html,"MÃ¶biliertes 16mÂ² Zimmer in 3er-WG, sehr zentral - perfekt fÃ¼r Pendler",N/A,N/A,01.07.2024,16 mÂ²,Albert,Online: 22 hours,N/A
https://www.wg-gesucht.de/en/wg-zimmer-in-Duesseldorf-ZOOviertel.11051829.html,GemÃ¼tliche und freundliche 4er WG im Zooviertel! Zentral + renoviert + Luxus-Bad! :),N/A,N/A,15.06.2024,20 mÂ²,Aua Aua,Online: 22 hours,N/A
https://www.wg-gesucht.de/en/wg-zimmer-in-Duesseldorf-Benrath.11010947.html,Zimmer in einer 3-Zimmer-Wohnung in DÃ¼sseldorf,N/A,N/A,03.07.2024,61 mÂ²,Spotahome,Online: 17.05.2024,N/A
https://www.wg-gesucht.de/en/wg-zimmer-in-Duesseldorf-Duesseldorf.4427707.html,Helles mÃ¶bliertes Zimmer!,N/A,N/A,"10.06.2024
                    
                                            - 25.08.2024",18 mÂ²,Agi,Online: 22 hours,N/A
https://www.wg-gesucht.de/en/wg-zimmer-in-Duesseldorf.10947307.html,SchÃ¶nes und helles Zimmer im besten Viertel DÃ¼sseldorfs,N/A,N/A,01.07.2024,20 mÂ²,Wohngemeinschaft Bilker Allee,Online: 22 hours,N/A
https://www.wg-gesucht.de/en/wg-zimmer-in-Duesseldorf-Friedrichstadt.9058912.html,Zimmer in 2er WG zur Untermiete,N/A,N/A,"01.09.2024
                    
                                            - 31.12.2024",15 mÂ²,Elena Toth,Online: 22 hours,N/A
https://www.wg-gesucht.de/en/wg-zimmer-in-Duesseldorf-Derendorf.10444440.html,SchÃ¶nes WG-Zimmer in Altbauwohnung mit groÃŸer WohnkÃ¼che,N/A,N/A,01.08.2024,12 mÂ²,Lina Sophie,Online: 22 hours,N/A
https://www.wg-gesucht.de/en/wg-zimmer-in-Duesseldorf-Duesseldorf.10601222.html,18qm in 2er-WG | Stadtmitte mit Innenhof,N/A,N/A,01.07.2024,18 mÂ²,Elena,Online: 23 hours,N/A
https://www.wg-gesucht.de/en/wg-zimmer-in-Duesseldorf-Flingern-Nord.11053105.html,MÃ¶biliertes Zimmer in 3er WG,N/A,N/A,01.08.2024,14 mÂ²,Pia,Online: 23 hours,N/A
https://www.wg-gesucht.de/en/wg-zimmer-in-Duesseldorf-Wersten.5052437.html,NÃ¤he Uni - mÃ¶bliertes WG-Zimmer in stilvollem Altbau - kostenloses WLAN,N/A,N/A,01.07.2024,15 mÂ²,M,Online: 1 day,N/A
https://www.wg-gesucht.de/en/wg-zimmer-in-Duesseldorf-Oberbilk.6094024.html,Kleine 4er Wg in ruhiger Strasse nÃ¤he HBF. Small 4er Wg in a quiet street near main station,N/A,N/A,23.06.2024,18 mÂ²,Marina Minkowski,Online: 1 day,N/A
https://www.wg-gesucht.de/en/wg-zimmer-in-Duesseldorf-Friedrichstadt.4458022.html,"MÃ¶bliertes Frauen-Wg.-Zimmer Nr.2, zentral und ruhig!",N/A,N/A,01.07.2024,11 mÂ²,Nils,Online: 1 day,N/A
https://www.wg-gesucht.de/en/wg-zimmer-in-Duesseldorf-Friedrichstadt.11053110.html,GEMÃœTLICHES WG ZIMMER NÃ„HE UNI,N/A,N/A,20.06.2024,20 mÂ²,Besarta Pjetri,Online: 1 day,N/A
https://www.wg-gesucht.de/en/wg-zimmer-in-Duesseldorf-Gerresheim.11048878.html,GroÃŸes MÃ¶biliertes WG-Zimmer zur Untermiete,N/A,N/A,"01.09.2024
                    
                                            - 31.12.2024",22 mÂ²,Josephine Flieher,Online: 1 day,N/A
https://www.wg-gesucht.de/en/wg-zimmer-in-Duesseldorf-Hassels.10721085.html,"mÃ¶bliert, komplett kernsanierte Wohnung, WG-tauglich, 3 Zimmer, Bad, GÃ¤ste-WC, Essbereich, KÃ¼che, 2 Balkone",N/A,N/A,01.07.2024,14 mÂ²,Simon,Online: 1 day,N/A
https://www.wg-gesucht.de/en/wg-zimmer-in-Duesseldorf-Pempelfort.11041082.html,Untermiete in zentraler 3er-WG in Pempelfort,N/A,N/A,"05.08.2024
                    
                                            - 16.03.2025",16 mÂ²,Leo,Online: 1 day,N/A
https://www.wg-gesucht.de/en/wg-zimmer-in-Duesseldorf-Unterbilk.10249539.html,WG Zimmer in groÃŸer Altbauwohnung in Unterbilk zu Zwischenmiete,N/A,N/A,"01.08.2024
                    
                                            - 31.10.2024",11 mÂ²,David Julian Thomas,Online: 1 day,N/A
https://www.wg-gesucht.de/en/wg-zimmer-in-Duesseldorf-Unterbilk.9113645.html,Studenten-WG - Zimmer frei - Ganzes Haus,N/A,N/A,10.06.2024,20 mÂ²,Thomas,Online: 1 day,N/A
https://www.wg-gesucht.de/en/wg-zimmer-in-Duesseldorf-Duesseldorf-Stadtbezirk-1.11052608.html,WG Zimmer zur Untermiete (Flexibel ab Juli) im Herzen Pempelforts,N/A,N/A,"01.07.2024
                    
                                            - 01.11.2024",20 mÂ²,Hannah V.,Online: 1 day,N/A
https://www.wg-gesucht.de/en/wg-zimmer-in-Duesseldorf-Oberkassel.7527093.html,"mÃ¶bliertes Wg-Zimmer zur Zwischenmiete ab dem 01.10.24 bis zum 31.01.25  Studentin und Katze, Oberkassel",N/A,N/A,"01.10.2024
                    
                                            - 31.01.2025",17 mÂ²,Luna,Online: 1 day,N/A
https://www.wg-gesucht.de/en/wg-zimmer-in-Duesseldorf-Holthausen.11052486.html,fully equipped room in 3 person flatshare,N/A,N/A,"06.08.2024
                    
                                            - 31.12.2024",18 mÂ²,Giulia H.,Online: 1 day,N/A
https://www.wg-gesucht.de/en/wg-zimmer-in-Duesseldorf-Solingen-Naehe-zu-Duesseldorf.10270641.html,Kleines feines WG Zimmer in SOLINGEN,N/A,N/A,"01.09.2024
                    
                                            - 31.12.2025",10 mÂ²,Heide,Online: 1 day,N/A
https://www.wg-gesucht.de/en/wg-zimmer-in-Duesseldorf.11052294.html,SÃ¼ÃŸes WG Zimmer in Toplage,N/A,N/A,01.07.2024,12 mÂ²,Johanna S.,Online: 1 day,N/A
https://www.wg-gesucht.de/en/wg-zimmer-in-Duesseldorf-Benrath.11010947.html,Zimmer in einer 3-Zimmer-Wohnung in DÃ¼sseldorf,N/A,N/A,03.07.2024,61 mÂ²,Spotahome,Online: 17.05.2024,N/A
https://www.wg-gesucht.de/en/wg-zimmer-in-Duesseldorf-Reisholz.11052315.html,Gemeinsam Zuhause: Neue WG-GrÃ¼ndung ab September,N/A,N/A,01.09.2024,20 mÂ²,Charlotte Stapper,Online: 1 day,N/A
https://www.wg-gesucht.de/en/wg-zimmer-in-Duesseldorf-Friedrichstadt.11052358.html,"*****EIN CHARMANTES, ZENTRALES WG ZIMMER ab dem 01.07.2024 FREI!! KOMPLETT MÃ–BLIERT & MIT BALKON!",N/A,N/A,01.07.2024,20 mÂ²,Herr Matic,Online: 1 day,N/A
https://www.wg-gesucht.de/en/wg-zimmer-in-Duesseldorf-Bilk.10183701.html,***2er direkt an der UNI! Sanierte 2er WG in gefragter Lage direkt an der UNIâ€”Klinik sucht eine neue Bewohnerin ab 01.07.2024***,N/A,N/A,01.07.2024,16 mÂ²,Herr Matic,Online: 1 day,N/A
https://www.wg-gesucht.de/en/wg-zimmer-in-Duesseldorf-Derendorf.11038469.html,Nette 4er WG in Derendorf,N/A,N/A,01.07.2024,15 mÂ²,Lilly,Online: 1 day,N/A
https://www.wg-gesucht.de/en/wg-zimmer-in-Duesseldorf-Lohausen.11047626.html,Mitbewohnerin gesucht in Lohausen,N/A,N/A,10.06.2024,25 mÂ²,ULUTAN Nihan,Online: 1 day,N/A
https://www.wg-gesucht.de/en/wg-zimmer-in-Duesseldorf-Bilk.11052194.html,groÃŸes helles Zimmer in 3er WG in Bilk,N/A,N/A,01.07.2024,22 mÂ²,Greta,Online: 1 day,N/A
https://www.wg-gesucht.de/en/wg-zimmer-in-Duesseldorf-Golzheim.8669579.html,Fetzige WG sucht fetzigen Mitbewohner,N/A,N/A,01.07.2024,13 mÂ²,Nediem Arem,Online: 1 day,N/A
https://www.wg-gesucht.de/en/wg-zimmer-in-Duesseldorf-Altstadt.6166581.html,gemÃ¼tliches WG-Zimmer - downtown city - Altstadt - modern - comfortable-calm - 1,N/A,N/A,"01.07.2024
                    
                                            - 30.06.2025",17 mÂ²,Dan,Online: 1 day,N/A
https://www.wg-gesucht.de/en/wg-zimmer-in-Duesseldorf-Altstadt.6166559.html,mÃ¶bliert - lovely - WG-Zimmer - downtown city - DÃ¼sseldorf - Altstadt - modern - comfortable - mit eigenem Balkon - 6,N/A,N/A,"01.08.2024
                    
                                            - 31.07.2025",15 mÂ²,Dan,Online: 1 day,N/A
https://www.wg-gesucht.de/en/wg-zimmer-in-Duesseldorf.11032717.html,WG-Zimmer in top Lage,N/A,N/A,01.08.2024,10 mÂ²,Lara H.,Online: 1 day,N/A
https://www.wg-gesucht.de/en/wg-zimmer-in-Duesseldorf.8657558.html,Herzliche 3-er WG am Hbf zentral und ruhig,N/A,N/A,"01.07.2024
                    
                                            - 24.05.2026",15 mÂ²,Mevanya,Online: 1 day,N/A
https://www.wg-gesucht.de/en/wg-zimmer-in-Duesseldorf-Gerresheim.2560568.html,Zimmer   in ruhiger Lage am Waldrand in Duesseldorf Gerresheim,N/A,N/A,15.06.2024,15 mÂ²,Heribert Fobbe,Online: 1 day,N/A
https://www.wg-gesucht.de/en/wg-zimmer-in-Duesseldorf-Eller.10626769.html,WG-Zimmer in WG-Haus,N/A,N/A,13.07.2024,17 mÂ²,Simon,Online: 1 day,N/A
https://www.wg-gesucht.de/en/wg-zimmer-in-Duesseldorf-Loerick.9176311.html,Helles Zimmer in groÃŸer WG,N/A,N/A,10.06.2024,16 mÂ²,Ute,Online: 1 day,N/A
https://www.wg-gesucht.de/en/wg-zimmer-in-Duesseldorf-Duesseldorf.10940630.html,GemÃ¼tliches vollmÃ¶bliertes Zimmer in Flingern (KEINE klassische WG / Mutter mit 2 Teenagern),N/A,N/A,01.07.2024,12 mÂ²,Josephine,Online: 1 day,N/A
https://www.wg-gesucht.de/en/wg-zimmer-in-Duesseldorf-Meerbusch.11036015.html,"Sehr grosses Studio-Ã¤hnliches Zimmer in einem Haus nur fÃ¼r Frauen, die sich gegenseitig kreativ und spirituell unterstÃ¼tzen frei ab 1.7.2024 fÃ¼r Wochen, Monate oder Jahre - Huge studio type room available in an international women only house share",N/A,N/A,"01.07.2024
                    
                                            - 30.06.2025",33 mÂ²,Flowing Community,Online: 1 day,N/A
https://www.wg-gesucht.de/en/wg-zimmer-in-Duesseldorf-Oberbilk.9214711.html,WG-Zimmer in gemÃ¼tlicher 3er WG,N/A,N/A,01.07.2024,15 mÂ²,L. Schillings,Online: 1 day,N/A
https://www.wg-gesucht.de/en/wg-zimmer-in-Duesseldorf-Derendorf.8959527.html,Vegan/ vegetarische WG sucht neue*n Mitbewohner*in ðŸŒ±ðŸ’š,N/A,N/A,01.08.2024,13 mÂ²,Ella,Online: 1 day,N/A
https://www.wg-gesucht.de/en/wg-zimmer-in-Duesseldorf-Stadtmitte.10960546.html,"1,5 Zimmer in zentraler Lage am Carlsplatz",N/A,N/A,"15.06.2024
                    
                                            - 31.07.2024",40 mÂ²,Laura B.,Online: 1 day,N/A
https://www.wg-gesucht.de/en/wg-zimmer-in-Duesseldorf-Stadtmitte.11001181.html,Mitbewohner*in in DÃ¼ssi Stadtmitte/Tokio Viertel gesucht,N/A,N/A,"01.08.2024
                    
                                            - 31.01.2025",16 mÂ²,Jana,Online: 1 day,N/A
https://www.wg-gesucht.de/en/wg-zimmer-in-Duesseldorf-Benrath.11010947.html,Zimmer in einer 3-Zimmer-Wohnung in DÃ¼sseldorf,N/A,N/A,03.07.2024,61 mÂ²,Spotahome,Online: 17.05.2024,N/A
